LanguageIC,Entropy,LongestWord,SignatureNasty,SignatureSuperNasty,
0.036488826,5.731596545,2308,165,0,1
0.015112238,6.078658118,14099,2,0,1
0.034573681,5.546910827,74,3,0,1
0.018245614,5.218219624,41,1,0,1
0.014120292,6.946210853,488,4,0,1
0.034718519,5.393136239,100,30,0,1
0.032718517,5.712565102,178,50,0,1
0.029374117,5.60604431,153,30,0,1
0.066155252,6.008452795,3147,53,0,1
0.028246579,5.654167847,108,10,0,1
0.028537701,5.682673611,143,25,0,1
0.030066178,5.560666243,108,17,0,1
0.028246579,5.654167847,108,10,0,1
0.031913742,5.540394079,162,0,0,1
0.039567464,5.749880809,77,8,0,1
0.039466687,5.49472924,167,1,0,1
0.039466687,5.49472924,167,1,0,1
0.015306238,6.036039187,79,2,0,1
0.015326606,6.038804036,120,2,0,1
0.043192615,5.487670594,91,3,0,1
0.030007966,5.497529578,86,4,0,1
0.015197237,6.039317848,49146,3,0,1
0.030933754,5.558071286,80,17,0,1
0.015580194,6.006404518,44223,2,0,1
0.02623596,5.975845568,31483,141,0,1
0.015579513,6.006555039,44223,2,0,1
0.028871969,5.779092393,422,103,0,1
0.036848484,5.519005766,167,8,0,1
0.025205091,5.799419873,1315,5,0,1
0.031826958,5.605834088,110,25,0,1
0.021524109,5.970889761,14034,24,0,1
0.023821962,5.99477813,1046,12,0,1
0.02382517,5.99473834,1046,12,0,1
0.023615738,6.005388753,1046,12,0,1
0.027122151,5.962819462,114,24,0,1
0.027122354,5.962767231,114,24,0,1
0.018829444,6.074500872,105,53,0,1
0.047784165,5.611432728,43,12,0,1
0.047779072,5.611212531,43,12,0,1
0.030908302,5.468849046,197,34,0,1
0.022355584,5.916469036,5034,64,0,1
0.023122669,6.085208841,30070,108,0,1
0.044376777,5.573874646,92,52,0,1
0.029185465,5.571965725,1323,45,0,1
0.025619847,5.752409654,1312,29,0,1
0.081470709,5.192227277,37,0,0,1
0.023953328,5.856249658,106,24,0,1
0.097966643,5.450511666,79,32,0,1
0.021146887,6.086041358,118,11,0,1
0.027335623,5.904160273,125,19,0,1
0.020165863,6.054707506,118,10,0,1
0.035412428,5.583494585,98,20,0,1
0.031918865,5.597560399,42,3,0,1
0.031918865,5.597560399,42,3,0,1
0.01553543,6.014873801,7236,2,0,1
0.015563134,6.012664846,93119,2,0,1
0.03411776,5.513434902,174,7,0,1
0.124396233,5.462841618,92,17,0,1
0.028754139,5.761437116,39,14,0,1
0.028771584,5.76071797,39,14,0,1
0.028754139,5.761437116,39,14,0,1
0.057860293,5.454889777,91,4,0,1
0.106037164,5.482132021,47,1,0,1
0.03640498,5.095150119,63,8,0,1
0.027754716,5.902156827,58,12,0,1
0.02699882,5.941645801,91,12,0,1
0.036618111,5.546932878,79,2,0,1
0.119707367,5.533377917,96,12,0,1
0.042602631,5.464972218,89,11,0,1
0.048200058,5.418133692,43,4,0,1
0.028510417,5.63660009,1345,45,0,1
0.035257624,5.377073025,91,0,0,1
0.035257624,5.377073025,91,0,0,1
0.049609269,5.45391869,62,35,0,1
0.036832576,5.457857702,118,1,0,1
0.015627572,6.000922118,128975,2,0,1
0.032097207,5.477911906,118,1,0,1
0.036832436,5.457832064,118,1,0,1
0.138118954,5.445303637,91,1,0,1
0.032097207,5.477911906,118,1,0,1
0.046461279,5.243976913,100,5,0,1
0.033247632,5.605739028,105,35,0,1
0.028430409,6.154949319,103,9,0,1
0.149165283,3.330042897,58,0,0,1
0.028273959,5.686616466,91,15,0,1
0.02718224,5.861547577,8867,33,0,1
0.036097024,5.3406724,52,1,0,1
0.015072057,6.0785534,137,0,0,1
0.047802409,5.29844399,66,5,0,1
0.045911665,5.397233514,61,0,0,1
0.160827491,5.637720749,66,15,0,1
0.042736938,5.501319664,89,11,0,1
0.039256367,5.571982562,64,2,0,1
0.056776355,5.066603339,49,16,0,1
0.03749871,5.400831442,135,84,0,1
0.044058849,5.261641274,48,19,0,1
0.038428143,5.439016913,50,8,0,1
0.02667096,5.604107142,194,62,0,1
0.048205671,5.963015621,152,13,0,1
0.026598198,5.964695376,98,43,0,1
0.045911665,5.397233514,61,0,0,1
0.045909901,5.397221228,61,0,0,1
0.027654419,5.704868219,127,24,0,1
0.015628886,6.000942675,216475,3,0,1
0.034747816,5.248944961,30,2,0,1
0.084531424,5.458207639,76,6,0,1
0.027928753,5.771381399,154,59,0,1
0.028844972,5.608918096,92,25,0,1
0.027872284,6.084084574,150,31,0,1
0.02670108,6.001423459,126,24,0,1
0.023740691,6.016317352,126,22,0,1
0.028653435,6.086248843,168,28,0,1
0.044796286,5.684162339,84,4,0,1
0.051041708,5.671598023,84,4,0,1
0.028316289,5.374346463,51,3,0,1
0.043182789,5.28470351,453,4,0,1
0.043176602,5.284636249,453,4,0,1
0.073840666,5.528991975,281,11,0,1
0.083078676,5.494335583,113,10,0,1
0.028745364,5.637486764,55,2,0,1
0.028736271,5.637546089,55,2,0,1
0.030718664,5.717654556,422,95,0,1
0.018972675,6.140516929,39947,69,0,1
0.019558244,6.102341443,39941,42,0,1
0.032869743,5.438519474,93,7,0,1
0.033926793,5.39719201,93,7,0,1
0.054188111,5.320069125,57,1,0,1
0.029689874,5.222500655,42,3,0,1
0.054177029,5.30932776,57,1,0,1
0.049934265,5.597341275,56,13,0,1
0.049928352,5.597096086,56,13,0,1
0.036363088,5.338202403,46,0,0,1
0.027761106,5.55038954,129,4,0,1
0.027791397,5.548091082,129,4,0,1
0.026812487,6.053842024,126,22,0,1
0.033973995,5.366896095,195,38,0,1
0.03935376,5.415892287,66,11,0,1
0.019544263,6.104067157,39941,41,0,1
0.0156434,6.008268146,62567,0,0,1
0.040163805,5.758320488,69,0,0,1
0.032359404,5.370628529,84,11,0,1
0.035672837,5.497963674,78,20,0,1
0.075720806,5.50060016,137,21,0,1
0.094709197,5.614918396,104,49,0,1
0.056713996,4.225245203,113105,4,0,1
0.026804916,5.360347594,29,0,0,1
0.031095262,5.338707504,36,0,0,1
0.027331465,5.608289665,108,1,0,1
0.180191502,5.633517868,719,24,0,1
0.037816753,5.225195283,64,3,0,1
0.034744056,5.404414296,60,3,0,1
0.038033637,5.557868598,784,27,0,1
0.015390924,6.031784998,50,3,0,1
0.027448012,5.588057644,365205,3,0,1
0.027850307,5.553735651,129,4,0,1
0.027105646,5.598044311,129,4,0,1
0.030759651,5.182874785,27,2,0,1
0.036995823,5.476714465,60,0,0,1
0.03004861,5.846444111,77,1,0,1
0.059755358,5.740597178,230,1,0,1
0.070224767,5.70903455,104,3,0,1
0.027636492,5.419995577,109,0,0,1
0.029745282,5.581334072,74,8,0,1
0.028323111,6.718742571,213,0,0,1
0.018488138,7.209892495,213,1,0,1
0.024888644,5.691181008,45,0,0,0
0.022617701,5.662484837,39,0,0,0
0.028808623,5.60091965,122,0,0,0
0.024571052,5.865008524,78,0,0,0
0.033245628,5.261607704,42,0,0,0
0.032757904,5.489406359,41,0,0,0
0.029220346,5.630587311,89,0,0,0
0.026875724,5.638982405,46,0,0,0
0.031511618,5.561360444,63,0,0,0
0.027127305,5.666664681,51,0,0,0
0.02566873,5.906803413,83,0,0,0
0.030111972,5.643174842,151,0,0,0
0.023712536,6.056766009,116,0,0,0
0.022914218,6.096468901,116,0,0,0
0.021690429,6.073125507,162,0,0,0
0.025319878,5.78745326,124,0,0,0
0.030292564,5.869230139,87,0,0,0
0.028261398,6.018510964,96,0,0,0
0.031192548,5.976408529,84,0,0,0
0.026548066,5.968809211,84,0,0,0
0.024009695,5.451882743,30,0,0,0
0.021666523,6.132276443,130,0,0,0
0.122094958,4.77447215,20,0,0,0
0.047213779,4.658930729,14,0,0,0
0.032768488,5.051725461,18,0,0,0
0.05011922,4.578772908,13,0,0,0
0.027190457,5.326604371,47,0,0,0
0.034575705,5.541872333,41,0,0,0
0.04989054,5.3655888,14,0,0,0
0.018011477,6.172810109,220,0,0,0
0.043232508,5.378976634,47,0,0,0
0.021138324,6.247187281,80,0,0,0
0.022322581,5.399864347,12,0,0,0
0.033278324,5.303537296,58,0,0,0
0.028110751,5.793151493,123,4,0,0
0.033051043,5.8260156,43,0,0,0
0.036442944,5.299212196,25,0,0,0
0.033278324,5.303537296,58,0,0,0
0.094343557,5.079971283,44,0,0,0
0.108241508,5.776269402,83,0,0,0
0.032218434,5.82339523,108,0,0,0
0.078762011,5.518228646,61,0,0,0
0.025730207,5.995593162,191,0,0,0
0.030819209,5.886987882,307,0,0,0
0.028314512,5.674863492,143,0,0,0
0.024180704,5.947365965,115,0,0,0
0.038746113,5.165157571,79,0,0,0
0.044393673,4.878366116,38,0,0,0
0.041222424,4.83508024,38,0,0,0
0.040086082,5.054818254,39,0,0,0
0.040123221,4.988829967,49,0,0,0
0.034523968,5.168744485,60,0,0,0
0.038724275,5.084391468,59,0,0,0
0.042323206,4.960562191,45,0,0,0
0.038897333,5.188450068,39,0,0,0
0.041083873,4.942987935,50,0,0,0
0.040439649,4.842996623,30,0,0,0
0.041182911,4.996121073,34,0,0,0
0.03804967,4.780278232,21,0,0,0
0.035496689,4.891675668,28,0,0,0
0.045488001,4.903012851,35,0,0,0
0.039881166,5.056135395,53,0,0,0
0.035190616,4.952615663,23,0,0,0
0.044325851,4.884762552,32,0,0,0
0.041935944,4.959297872,27,0,0,0
0.037540272,5.164532412,55,0,0,0
0.042206143,5.02630031,35,0,0,0
0.040941899,4.987062444,38,0,0,0
0.041897843,4.930344073,60,0,0,0
0.040126231,5.058113963,27,0,0,0
0.045422279,4.991775388,35,0,0,0
0.03941058,5.108033733,39,0,0,0
0.040967091,4.967299124,43,0,0,0
0.047653505,4.900351254,49,0,0,0
0.040012479,5.043770668,56,0,0,0
0.043270989,5.042163476,29,0,0,0
0.044480685,4.960506171,35,0,0,0
0.04034918,5.044759484,34,0,0,0
0.019428318,6.260117982,302,0,0,0
0.0293727,5.824307729,63,0,0,0
0.019823654,6.163211987,213,0,0,0
0.025617904,5.903881949,54,0,0,0
0.016699978,6.166294798,79,0,0,0
0.022334888,6.073945031,134,0,0,0
0.021545982,6.032677566,102,0,0,0
0.020756044,6.20584179,109,0,0,0
0.022056432,6.00220091,69,0,0,0
0.028775621,5.917479777,108,0,0,0
0.026631347,5.9696965,87,0,0,0
0.02919708,5.243538383,21,0,0,0
0.02045221,5.516675525,28,0,0,0
0.034849279,5.727437051,39,0,0,0
0.024244468,5.726430527,28,0,0,0
0.021537881,6.135964831,143,0,0,0
0.026182013,5.595899056,24,0,0,0
0.03099775,5.714423768,48,0,0,0
0.030458106,5.718098525,69,0,0,0
0.019593466,6.252080435,261,0,0,0
0.020629947,6.105633176,107,0,0,0
0.030277889,5.943137145,208,0,0,0
0.020918018,6.040011793,126,0,0,0
0.020337063,6.035676356,87,0,0,0
0.02136823,6.081431094,99,0,0,0
0.01984949,6.151891609,105,0,0,0
0.034797512,5.835673715,86,0,0,0
0.023515382,6.103315012,109,0,0,0
0.02564575,5.904445921,43,0,0,0
0.037227578,5.772050649,78,0,0,0
0.024192399,5.991058866,57,0,0,0
0.019777906,6.153428722,238,0,0,0
0.026460584,6.017438737,84,0,0,0
0.03386779,5.774223557,139,0,0,0
0.021085188,6.08175336,65,0,0,0
0.0351218,5.310016947,63,0,0,0
0.031583273,5.513966276,78,0,0,0
0.030647915,5.629254689,102,1,0,0
0.03249582,5.582223604,51,0,0,0
0.034010777,5.563426356,67,2,0,0
0.035799306,5.074432605,38,0,0,0
0.028743034,5.923999032,104,0,0,0
0.033265614,5.52835108,63,0,0,0
0.028313275,5.678157588,42,0,0,0
0.028736544,5.880944428,208,0,0,0
0.034156409,5.316080587,29,0,0,0
0.029268049,5.846547294,100,0,0,0
0.047717438,4.529378189,21,0,0,0
0.045582457,5.029566129,41,1,0,0
0.038899127,5.212117848,60,0,0,0
0.029991078,5.464786921,65,0,0,0
0.029563763,5.74450318,145,0,0,0
0.025862033,6.006782073,87,0,0,0
0.027499349,5.956925468,87,0,0,0
0.028197289,5.75210117,46,0,0,0
0.026332562,5.801590544,37,0,0,0
0.03682657,6.086855238,1188,0,0,0
0.045911146,4.733628113,46,0,0,0
0.035857257,5.606270885,45,0,0,0
0.029004408,5.737282053,146,2,0,0
0.032401131,5.8854993,65,8,0,0
0.034069858,5.200149467,58,0,0,0
0.057476376,5.348865884,60,0,0,0
0.027082001,5.8607949,72,1,0,0
0.025088178,5.515658378,29,0,0,0
0.026313341,5.996949113,180,2,0,0
0.033731472,5.601353916,70,0,0,0
0.028000674,5.74041867,61,0,0,0
0.025794635,5.785150469,157,1,0,0
0.0299135,5.612757581,114,0,0,0
0.032026038,5.070617116,33,0,0,0
0.032587752,5.051954598,33,0,0,0
0.032876215,5.047588153,33,0,0,0
0.032558673,5.064746675,33,0,0,0
0.032967033,5.039954015,33,0,0,0
0.033296408,5.041323116,33,0,0,0
0.032211527,5.425264491,91,0,0,0
0.031019071,5.469809202,33,0,0,0
0.031911584,5.09153828,33,0,0,0
0.031666397,5.094480481,33,0,0,0
0.031290257,5.11283343,33,0,0,0
0.032385679,5.065769912,33,0,0,0
0.032459314,5.071743878,33,0,0,0
0.031780131,5.095044132,33,0,0,0
0.034664191,5.000434597,33,0,0,0
0.033364284,5.03839108,33,0,0,0
0.026771766,5.37263852,111,0,0,0
0.03274528,5.044883855,33,0,0,0
0.033963369,5.026574142,33,0,0,0
0.030218205,5.322024657,68,0,0,0
0.033788538,5.018059452,33,0,0,0
0.030090856,5.3824666,41,0,0,0
0.027003301,5.828346833,79,0,0,0
0.033319689,5.053843151,33,0,0,0
0.031349758,5.526496395,81,0,0,0
0.031495351,5.089885307,33,0,0,0
0.032965327,5.048720151,33,0,0,0
0.032483082,5.059957941,33,0,0,0
0.027689188,5.520012697,47,0,0,0
0.032146604,5.066360356,33,0,0,0
0.027467969,5.532149321,47,0,0,0
0.032884746,5.082538878,33,0,0,0
0.033896659,5.034400367,33,0,0,0
0.032103871,5.080588836,33,0,0,0
0.032170744,5.064690196,33,0,0,0
0.033835102,5.093073193,39,0,0,0
0.055846626,5.535205543,31,0,0,0
0.074324824,5.650020307,64,1,0,0
0.03267923,5.061701126,33,0,0,0
0.027671914,6.013933694,56,0,0,0
0.031908399,5.10010006,33,0,0,0
0.032313725,5.097262554,33,0,0,0
0.031687491,5.117753211,33,0,0,0
0.031833266,5.092133816,33,0,0,0
0.03184521,5.09417718,33,0,0,0
0.032244358,5.072203467,33,0,0,0
0.032621898,5.055564692,33,0,0,0
0.026676954,5.550410383,111,0,0,0
0.031766537,5.076945712,33,0,0,0
0.032487225,5.060569956,33,0,0,0
0.027804759,5.516855538,111,0,0,0
0.032473316,5.353118014,47,0,0,0
0.03249528,5.056410493,33,0,0,0
0.031780598,5.098847096,33,0,0,0
0.032461368,5.065354356,33,0,0,0
0.034649256,5.020579116,33,0,0,0
0.033888103,5.037107763,33,0,0,0
0.030233645,5.629877671,59,0,0,0
0.032536794,5.061122412,33,0,0,0
0.032140647,5.070538544,33,0,0,0
0.032721443,5.066974205,33,0,0,0
0.032762547,5.056525746,33,0,0,0
0.032445444,5.069010209,33,0,0,0
0.032800165,5.059088289,33,0,0,0
0.031825177,5.069378674,33,0,0,0
0.031607164,5.085954701,33,0,0,0
0.033706755,5.025165056,33,0,0,0
0.033174015,5.042890607,33,0,0,0
0.032823041,5.055652968,33,0,0,0
0.033758841,5.03061056,33,0,0,0
0.02820958,5.831737071,62,0,0,0
0.032864827,5.057032762,33,0,0,0
0.033612779,5.400503218,35,0,0,0
0.033679902,5.030070339,33,0,0,0
0.032276528,5.099946862,33,0,0,0
0.031286043,5.488355431,53,0,0,0
0.033729566,5.037847806,33,0,0,0
0.032405732,5.330371876,33,0,0,0
0.031357447,5.431488887,47,0,0,0
0.032868635,5.056295407,33,0,0,0
0.032951387,5.050389347,33,0,0,0
0.034081536,5.012726645,33,0,0,0
0.033873826,5.01746123,33,0,0,0
0.032738259,5.054441953,33,0,0,0
0.033492502,5.041862447,33,0,0,0
0.031960947,5.078110203,33,0,0,0
0.032627778,5.069961305,33,0,0,0
0.032673392,5.060486492,33,0,0,0
0.026237242,5.654554935,33,0,0,0
0.031895999,5.072391705,33,0,0,0
0.033827595,5.035196209,33,0,0,0
0.033713326,5.041575055,33,0,0,0
0.028880363,5.461999188,44,0,0,0
0.027661706,5.755599038,48,0,0,0
0.027940048,5.529703936,47,0,0,0
0.03181348,5.085745023,33,0,0,0
0.032093933,5.083418096,33,0,0,0
0.030956099,5.129881121,33,0,0,0
0.031646422,5.419182901,88,0,0,0
0.031207877,5.562347641,66,0,0,0
0.038945484,5.06494735,129,0,0,0
0.033530894,5.44746763,168,0,0,0
0.029057687,5.505910354,66,0,0,0
0.029381257,5.630565673,273,2,0,0
0.034233851,5.244440398,53,0,0,0
0.032124542,5.757761417,106,2,0,0
0.029029265,5.603813542,99,4,0,0
0.028911409,5.559672045,66,0,0,0
0.028633006,5.579432896,66,0,0,0
0.031718695,5.417536659,142,0,0,0
0.029595314,5.698175039,53,0,0,0
0.028499044,5.678016352,102,4,0,0
0.027234214,5.55049619,124,0,0,0
0.033610342,4.996393557,31,0,0,0
0.029298961,5.660671032,126,6,0,0
0.031316669,5.395369559,66,0,0,0
0.032300507,5.302431643,66,0,0,0
0.032879743,5.385157716,55,0,0,0
0.030710511,5.468343923,69,0,0,0
0.035673673,5.209164512,68,0,0,0
0.031899397,5.2501402,66,0,0,0
0.027032172,5.783787954,121,0,0,0
0.031443806,5.363021982,48,0,0,0
0.028194816,5.672336747,131,6,0,0
0.028576166,5.72817673,152,1,0,0
0.027704415,5.632837439,104,4,0,0
0.024364893,5.740931827,150,0,0,0
0.032568627,5.628984953,72,0,0,0
0.031570146,5.659957272,43,0,0,0
0.030489974,5.580496251,45,0,0,0
0.033186062,5.472607905,36,0,0,0
0.023987605,5.862971462,246,1,0,0
0.030621646,5.806987617,59,2,0,0
0.031875109,5.248274114,64,0,0,0
0.028958996,5.285361097,122,0,0,0
0.032325034,5.201463638,64,0,0,0
0.037962571,5.332465233,74,0,0,0
0.032303047,5.226512187,64,0,0,0
0.031603207,5.289744122,74,0,0,0
0.033325809,5.244054392,67,0,0,0
0.032523299,5.256360579,67,0,0,0
0.044501848,5.08014965,36,0,0,0
0.035718797,5.298525577,68,0,0,0
0.030433072,5.288135645,52,0,0,0
0.033775671,5.31248028,205,0,0,0
0.0319873,5.277099922,164,0,0,0
0.031079655,5.319609914,99,0,0,0
0.033755017,5.206053664,48,0,0,0
0.03332232,5.356036876,161,0,0,0
0.030349288,5.407387877,55,0,0,0
0.044876071,5.191835431,70,0,0,0
0.034187349,5.329481387,78,0,0,0
0.033702804,5.335315208,78,0,0,0
0.033450108,5.195953841,44,0,0,0
0.031047191,5.310705338,68,0,0,0
0.031156374,5.305145434,68,0,0,0
0.033745903,5.304602888,99,0,0,0
0.035356545,5.261483526,102,0,0,0
0.035027241,5.263935845,78,0,0,0
0.029140722,5.072506005,29,0,0,0
0.031950212,5.239831195,78,0,0,0
0.03646077,5.248285995,69,0,0,0
0.041793655,5.095326144,40,0,0,0
0.030736936,5.46056998,59,0,0,0
0.029180214,5.603213222,93,0,0,0
0.031156168,5.302891338,63,0,0,0
0.033274014,5.281952441,74,0,0,0
0.036187015,5.251890781,74,0,0,0
0.030484241,5.335756615,63,0,0,0
0.031002171,5.320187397,63,0,0,0
0.033913335,5.321381202,72,0,0,0
0.027603484,5.5168253,72,0,0,0
0.031615601,5.239118168,59,0,0,0
0.033210198,5.227029858,59,0,0,0
0.03036764,5.342731499,95,0,0,0
0.030531153,5.319561275,99,0,0,0
0.031347752,5.289657164,99,0,0,0
0.031266328,5.253972516,59,0,0,0
0.027898976,5.560794191,119,0,0,0
0.029237587,5.49817523,138,0,0,0
0.036793504,5.309224253,62,0,0,0
0.037022952,5.378041645,50,0,0,0
0.029737382,5.394661,115,0,0,0
0.02940822,5.314674784,56,0,0,0
0.037741151,5.250741227,45,0,0,0
0.038000706,5.134944199,36,0,0,0
0.028838365,5.55259892,122,0,0,0
0.033708,5.115400863,85,0,0,0
0.03386191,5.423337633,101,0,0,0
0.032557098,5.388057353,58,0,0,0
0.03331351,5.191297017,35,0,0,0
0.034753697,5.158976347,35,0,0,0
0.033342246,5.322320073,57,0,0,0
0.034674607,5.327523951,57,0,0,0
0.030590778,5.34884619,59,0,0,0
0.031263561,5.278368654,67,0,0,0
0.03158287,5.260885391,67,0,0,0
0.036232282,5.274530216,92,0,0,0
0.032412711,5.22772306,67,0,0,0
0.034038135,5.352000243,69,0,0,0
0.025859747,5.435814301,29,0,0,0
0.031585874,5.313525354,88,0,0,0
0.031781402,5.313827973,88,0,0,0
0.031554368,5.280805341,57,0,0,0
0.032554486,5.203947548,56,0,0,0
0.038111237,5.298609409,63,0,0,0
0.032276193,5.221831253,75,0,0,0
0.033024946,5.183655222,56,0,0,0
0.0322064,5.2814028,66,0,0,0
0.048189396,5.354541393,79,10,0,0
0.03735671,5.336275966,63,0,0,0
0.034518626,5.306357313,86,0,0,0
0.027730888,5.564609367,99,0,0,0
0.035579764,5.247819009,82,0,0,0
0.035433647,5.257336786,77,0,0,0
0.03255724,5.254624096,99,0,0,0
0.032725699,5.361464789,78,0,0,0
0.033022925,5.346756206,78,0,0,0
0.037345767,5.280166381,99,0,0,0
0.029295511,5.668613181,66,0,0,0
0.030863702,5.398419696,38,0,0,0
0.030962205,5.561048188,38,0,0,0
0.031154636,5.274703243,23,0,0,0
0.053756196,4.803501985,47,0,0,0
0.036340852,4.814790567,20,0,0,0
0.0293727,5.824307729,63,0,0,0
0.032109365,5.316649061,129,0,0,0
0.031687888,5.343862539,202,0,0,0
0.033757296,5.246207865,96,0,0,0
0.037210107,4.780279347,20,0,0,0
0.035489221,4.849872858,20,0,0,0
0.028680794,5.65351762,110,0,0,0
0.031645589,5.459933053,110,1,0,0
0.029887014,5.484431426,91,0,0,0
0.02770521,5.724654176,88,0,0,0
0.035568941,5.138178136,63,0,0,0
0.029173826,5.37046125,82,0,0,0
0.030522007,5.321969757,90,0,0,0
0.028933904,5.441336089,106,0,0,0
0.034331146,5.357034904,91,0,0,0
0.032712711,5.382420045,84,0,0,0
0.035726514,5.242637059,58,0,0,0
0.035871468,5.389418604,112,0,0,0
0.032421225,5.412112115,110,1,0,0
0.032987432,5.503061849,88,2,0,0
0.0309095,5.410802965,47,0,0,0
0.030110663,5.362111079,99,0,0,0
0.030272583,5.419810929,94,1,0,0
0.031257849,5.27242339,65,0,0,0
0.030622139,5.483922568,209,1,0,0
0.033774831,5.526392843,66,0,0,0
0.024279482,5.639131626,42,0,0,0
0.028947442,5.348642935,56,0,0,0
0.027389168,5.401455233,63,0,0,0
0.029976166,5.346241765,152,0,0,0
0.034115405,5.126264456,57,0,0,0
0.028839138,5.367407372,62,0,0,0
0.030415376,5.294449389,51,0,0,0
0.031342367,5.326922214,274,0,0,0
0.030773454,5.276458341,51,0,0,0
0.031895078,5.247370575,57,0,0,0
0.03140315,5.157217012,53,0,0,0
0.029483545,5.335311348,62,0,0,0
0.032397346,5.22341979,67,0,0,0
0.033080839,5.246580293,92,0,0,0
0.03168774,5.512669427,112,0,0,0
0.031729288,5.417476421,61,0,0,0
0.026013658,5.886252277,127,0,0,0
0.032569565,5.443679325,63,0,0,0
0.029695584,5.592392693,39,0,0,0
0.031578947,5.245749718,23,0,0,0
0.050307302,4.8821611,47,0,0,0
0.041457286,4.832103828,20,0,0,0
0.021136348,6.049609054,102,0,0,0
0.037643873,5.414675183,23,0,0,0
0.031718312,5.290337154,123,0,0,0
0.033529004,5.253368372,123,0,0,0
0.032886731,5.264041835,86,0,0,0
0.036689652,5.18631225,51,0,0,0
0.035938904,4.780279347,20,0,0,0
0.034686689,5.212846803,70,0,0,0
0.031156728,5.621567103,142,1,0,0
0.03558539,5.37820453,218,0,0,0
0.028203096,5.597816642,99,0,0,0
0.030946591,5.559581392,84,0,0,0
0.028764883,5.520544591,64,0,0,0
0.032213167,5.281381983,67,0,0,0
0.040349704,5.572534856,53,0,0,0
0.036759504,5.333251345,81,0,0,0
0.032239533,5.433108515,98,1,0,0
0.02966275,5.515374161,98,0,0,0
0.028776167,5.581117502,81,0,0,0
0.033495927,5.332854813,66,0,0,0
0.032004401,5.256993215,60,0,0,0
0.031219443,5.476576913,68,0,0,0
0.027742676,5.92541501,125,0,0,0
0.036779454,5.227191439,50,0,0,0
0.02970025,5.72986602,133,1,0,0
0.034176906,5.469033076,72,0,0,0
0.039468751,5.232590753,77,0,0,0
0.032094257,5.410447027,42,0,0,0
0.030751891,5.635944242,83,0,0,0
0.028970501,5.591418587,41,0,0,0
0.035477027,5.096224462,52,0,0,0
0.032987456,5.329827603,69,0,0,0
0.038692226,4.906401842,32,0,0,0
0.038375025,4.896464309,34,0,0,0
0.02242099,5.318095334,23,0,0,0
0.029631401,5.541839087,41,0,0,0
0.033830261,5.697416482,74,0,0,0
0.018704075,5.965079554,32,0,0,0
0.045224512,4.906236171,28,0,0,0
0.03670003,5.278810196,28,0,0,0
0.033428541,4.883078072,23,0,0,0
0.018966998,5.949996319,32,0,0,0
0.034814035,5.658016143,74,0,0,0
0.034506919,5.570795503,54,0,0,0
0.035326962,5.03885544,40,0,0,0
0.03749692,4.95530576,39,0,0,0
0.046289337,4.919610945,56,0,0,0
0.018966998,5.949996319,32,0,0,0
0.032634033,4.669146221,20,0,0,0
0.030571568,5.283842991,70,0,0,0
0.018768461,5.953576892,32,0,0,0
0.045224512,4.906236171,28,0,0,0
0.036283348,5.278810196,28,0,0,0
0.032855737,5.095248072,49,0,0,0
0.034500604,4.876721095,38,0,0,0
0.033175807,5.121233613,51,0,0,0
0.019012708,5.945629946,32,0,0,0
0.032294679,5.491837069,51,0,0,0
0.032778368,5.456037087,54,0,0,0
0.043533166,4.892127069,45,0,0,0
0.038899824,4.746374919,47,0,0,0
0.041824925,4.881827702,47,0,0,0
0.018768461,5.953576892,32,0,0,0
0.031878954,5.865320725,46,0,0,0
0.031125185,5.812659063,46,0,0,0
0.032654451,5.290958217,54,0,0,0
0.030379583,5.310053076,32,0,0,0
0.037797575,5.112296353,120,0,0,0
0.019085335,5.936745648,32,0,0,0
0.04034528,5.641310121,36,0,0,0
0.035931903,5.703596367,36,0,0,0
0.03077783,5.314043728,80,0,0,0
0.042089866,4.821588855,27,0,0,0
0.033350567,5.200676591,112,0,0,0
0.019045574,5.944837214,32,0,0,0
0.037524098,5.627038095,50,0,0,0
0.034120516,5.675362395,63,0,0,0
0.033385087,5.246510697,61,0,0,0
0.041155923,4.876285615,47,0,0,0
0.032668471,5.300121206,52,3,0,0
0.032732219,5.037590003,52,0,0,0
0.018704075,5.965079554,32,0,0,0
0.030816722,5.596109887,41,0,0,0
0.027535683,5.787408423,41,0,0,0
0.030838603,5.11801265,45,0,0,0
0.030599235,5.004329608,25,0,0,0
0.038454217,4.538517288,14,0,0,0
0.018728219,5.961719136,32,0,0,0
0.043349077,5.417029526,39,0,0,0
0.037399286,5.589623601,39,0,0,0
0.031343477,5.347877031,151,0,0,0
0.035125126,4.719683173,32,0,0,0
0.019085335,5.936745648,32,0,0,0
0.038774437,5.464588083,36,0,0,0
0.035456042,5.566624198,36,0,0,0
0.030588191,5.306209268,71,0,0,0
0.03251208,5.2932557,28,0,0,0
0.031690141,4.578589916,21,0,0,0
0.018843988,5.956592457,32,0,0,0
0.042827945,5.031803921,24,0,0,0
0.035466586,5.368924647,32,0,0,0
0.035802298,5.112009078,40,0,0,0
0.018704075,5.965079554,32,0,0,0
0.032634033,4.669146221,20,0,0,0
0.036425129,4.935670463,21,0,0,0
0.043539823,4.69663907,16,0,0,0
0.032366956,5.402704691,60,0,0,0
0.018843988,5.956592457,32,0,0,0
0.039118571,5.703299818,38,0,0,0
0.035386287,5.761000996,38,0,0,0
0.042854059,4.629291811,36,0,0,0
0.040174857,4.840094095,47,0,0,0
0.018704075,5.965079554,32,0,0,0
0.043244657,5.507372201,44,0,0,0
0.039654733,5.545048503,44,0,0,0
0.034748905,5.121228431,68,0,0,0
0.030298549,5.570304356,81,0,0,0
0.018843988,5.956592457,32,0,0,0
0.037675627,5.489543685,58,0,0,0
0.035969212,5.52207861,58,0,0,0
0.039165361,4.845933442,23,0,0,0
0.018728219,5.961719136,32,0,0,0
0.033725873,5.534975121,53,0,0,0
0.019230769,5.060975804,17,0,0,0
0.0310749,5.360186638,17,0,0,0
0.033085165,5.495392668,62,0,0,0
0.032108766,5.225984523,61,0,0,0
0.018984877,5.941331844,32,0,0,0
0.03125,4.669146221,20,0,0,0
0.036775731,5.118498858,64,0,0,0
0.018945522,5.951774058,32,0,0,0
0.040475007,5.421317315,35,0,0,0
0.036557748,5.611567872,35,0,0,0
0.033678289,5.112317673,53,0,0,0
0.039493074,4.680540223,14,0,0,0
0.039135447,5.19195789,66,0,0,0
0.018986028,5.946675019,32,0,0,0
0.032634033,4.669146221,20,0,0,0
0.036409846,5.002471305,27,0,0,0
0.018945522,5.951774058,32,0,0,0
0.03125,4.669146221,20,0,0,0
0.040973673,4.801774926,42,0,0,0
0.018728219,5.961719136,32,0,0,0
0.046068762,5.174160197,32,0,0,0
0.019230769,5.060975804,17,0,0,0
0.0310749,5.360186638,17,0,0,0
0.038898874,5.390683275,32,0,0,0
0.03588353,5.023130269,48,0,0,0
0.019068131,5.942555949,32,0,0,0
0.046586901,5.193838097,32,0,0,0
0.019230769,5.060975804,17,0,0,0
0.0310749,5.360186638,17,0,0,0
0.039683829,5.384256451,67,0,0,0
0.033749947,5.147648373,72,0,0,0
0.035429483,4.804695027,40,0,0,0
0.038613861,4.82160041,11,0,0,0
0.039532944,4.547090358,17,0,0,0
0.018615544,5.977053119,32,0,0,0
0.03125,4.669146221,20,0,0,0
0.032177901,5.30119703,108,0,0,0
0.037425743,4.58519673,31,0,0,0
0.019078156,5.945900554,32,0,0,0
0.040871637,5.196478775,28,0,0,0
0.034838178,5.43985221,28,0,0,0
0.033022121,5.192723079,48,0,0,0
0.019155114,5.926750658,32,0,0,0
0.030602682,5.715121498,100,0,0,0
0.037580704,5.074669327,42,0,0,0
0.041441523,5.128655204,58,1,0,0
0.038797133,5.040393581,61,0,0,0
0.034846823,5.286446645,57,0,0,0
0.035608417,5.402948301,90,0,0,0
0.02886555,5.475215216,66,0,0,0
0.031841726,5.236847818,96,0,0,0
0.02929898,5.48546898,49,0,0,0
0.033623457,5.310280551,90,0,0,0
0.029773869,5.456553177,49,0,0,0
0.030811312,5.395478602,111,0,0,0
0.033128842,5.503353986,110,0,0,0
0.031381025,5.33401401,70,0,0,0
0.027464685,5.50292552,108,0,0,0
0.030227278,5.381709633,90,0,0,0
0.033094412,5.223896132,96,0,0,0
0.034210961,5.208552749,92,0,0,0
0.034274321,5.20886608,92,0,0,0
0.057275644,5.725085965,125,0,0,0
0.030990633,5.338859122,128,0,0,0
0.032738367,5.397392867,128,0,0,0
0.032279724,5.336769082,48,0,0,0
0.033671496,5.304905821,161,0,0,0
0.035448058,5.223342396,161,0,0,0
0.032764453,5.330935866,96,0,0,0
0.036038221,5.262186812,96,0,0,0
0.035943327,5.220449445,80,0,0,0
0.032799973,5.315059144,161,0,0,0
0.03427245,5.275507627,99,0,0,0
0.029649026,5.476078034,49,0,0,0
0.031276767,5.383172343,68,0,0,0
0.032233871,5.34451309,68,0,0,0
0.031768519,5.301253978,99,0,0,0
0.034240974,5.206871319,99,0,0,0
0.030058068,5.43749764,49,0,0,0
0.030604745,5.418785237,45,0,0,0
0.029676012,5.381053052,99,0,0,0
0.064291871,4.722739343,26,0,0,0
0.038242417,5.272218135,137,0,0,0
0.032338747,5.44226688,96,2,0,0
0.032163082,5.327965712,66,0,0,0
0.027112467,5.654012423,121,1,0,0
0.031967288,5.341376635,77,0,0,0
0.032150278,5.340121875,77,0,0,0
0.031249242,5.318638027,99,0,0,0
0.032283155,5.289754606,68,0,0,0
0.032441559,5.302751691,65,0,0,0
0.031221468,5.293004405,99,0,0,0
0.02851876,5.617756821,111,0,0,0
0.030989013,5.455143538,111,0,0,0
0.028060503,5.519369605,111,0,0,0
0.030912503,5.430628329,111,0,0,0
0.020914004,5.89126223,111,1,0,0
0.029372314,5.580678631,41,0,0,0
0.02242099,5.318095334,23,0,0,0
0.030081357,5.531814563,41,0,0,0
0.031476684,5.671513471,74,0,0,0
0.035642131,5.062148254,52,0,0,0
0.033705855,5.279386021,59,0,0,0
0.038554439,4.896775954,35,0,0,0
0.038289261,4.903470224,34,0,0,0
0.018883824,5.922137465,29,0,0,0
0.033865363,5.652908875,74,0,0,0
0.03383498,5.561857602,54,0,0,0
0.034961919,5.058055204,40,0,0,0
0.038656709,4.919409979,39,0,0,0
0.046289337,4.919610945,56,0,0,0
0.018883824,5.922137465,29,0,0,0
0.03570059,5.358168082,41,0,0,0
0.034567092,5.378202728,46,0,0,0
0.039449505,4.951653927,45,0,0,0
0.038899824,4.746374919,47,0,0,0
0.041824925,4.881827702,47,0,0,0
0.019006899,5.911682679,29,0,0,0
0.039147235,5.31524461,50,0,0,0
0.033849644,5.472025926,43,0,0,0
0.027484161,5.59313249,61,0,0,0
0.042160517,4.802471167,47,0,0,0
0.018574134,5.93223493,29,0,0,0
0.043767856,5.413051345,36,0,0,0
0.037557325,5.589057793,36,0,0,0
0.03171873,5.307786857,59,0,0,0
0.019006899,5.911682679,29,0,0,0
0.038774437,5.464588083,36,0,0,0
0.035456042,5.566624198,36,0,0,0
0.030104813,5.339478159,71,0,0,0
0.03251208,5.2932557,28,0,0,0
0.031690141,4.578589916,21,0,0,0
0.031690141,4.578589916,21,0,0,0
0.018869739,5.954193212,32,0,0,0
0.036775616,5.704094394,38,0,0,0
0.033441138,5.789013329,38,0,0,0
0.042854059,4.629291811,36,0,0,0
0.04021824,4.811167531,47,0,0,0
0.018739121,5.935676506,29,0,0,0
0.045497478,5.083981465,30,0,0,0
0.039813813,5.282096523,33,0,0,0
0.036048991,4.998964866,61,0,0,0
0.018574134,5.93223493,29,0,0,0
0.046068762,5.174160197,32,0,0,0
0.019230769,5.060975804,17,0,0,0
0.0310749,5.360186638,17,0,0,0
0.038898874,5.390683275,32,0,0,0
0.036951993,5.004290512,61,0,0,0
0.019049502,5.908389024,29,0,0,0
0.046471524,5.198163726,32,0,0,0
0.019230769,5.060975804,17,0,0,0
0.0310749,5.360186638,17,0,0,0
0.040373904,5.375053347,43,0,0,0
0.035146719,5.081127415,72,0,0,0
0.035429483,4.804695027,40,0,0,0
0.038613861,4.82160041,11,0,0,0
0.039532944,4.547090358,17,0,0,0
0.028595947,5.409796685,23,0,0,0
0.049427472,4.937953437,51,0,0,0
0.036657682,4.742548665,20,0,0,0
0.028759295,5.917598253,108,0,0,0
0.03056943,5.36309265,134,0,0,0
0.031085704,5.34398734,134,0,0,0
0.031190657,5.385740622,96,0,0,0
0.033674237,5.32514707,96,0,0,0
0.035791739,5.227354067,81,0,0,0
0.033455692,5.251684476,91,0,0,0
0.031411938,5.18409762,30,0,0,0
0.032192939,5.297283888,78,0,0,0
0.030272063,5.358733455,62,0,0,0
0.030822254,5.302874232,44,0,0,0
0.031268669,5.26725832,72,0,0,0
0.032748538,5.221299486,45,0,0,0
0.035652475,4.781489948,20,0,0,0
0.031010009,5.490431263,73,0,0,0
0.028054806,5.683636615,66,0,0,0
0.034653614,5.380790464,50,0,0,0
0.028374253,5.411942137,23,0,0,0
0.04749105,5.102001016,55,0,0,0
0.035679134,4.869693812,20,0,0,0
0.034849279,5.727437051,39,0,0,0
0.029963088,5.321706209,60,0,0,0
0.02919721,5.394717365,107,0,0,0
0.029518181,5.37145571,107,0,0,0
0.02978167,5.362937376,60,0,0,0
0.03062195,5.357663597,60,0,0,0
0.030549739,5.316473461,52,0,0,0
0.03065585,5.321089217,52,0,0,0
0.032975045,5.199414503,34,0,0,0
0.034506186,5.106589019,42,0,0,0
0.034399225,4.904444744,20,0,0,0
0.030766514,5.543738957,165,0,0,0
0.029995172,5.725382148,256,0,0,0
0.03090385,5.632287243,92,0,0,0
0.027316455,5.70341138,141,0,0,0
0.029586512,5.598651962,107,5,0,0
0.029655906,5.608995712,97,0,0,0
0.028784506,5.571463526,97,0,0,0
0.035493468,5.21775203,44,0,0,0
0.032457231,5.461805313,83,0,0,0
0.02704798,5.939134121,105,1,0,0
0.031950235,5.536028047,65,0,0,0
0.022730945,5.83840894,111,1,0,0
0.028781739,5.648009156,51,0,0,0
0.027883318,5.626736471,64,0,0,0
0.123386323,5.362652128,113,1,0,0
0.107929895,5.342115011,174,0,0,0
0.089918919,5.607769163,143,2,0,0
0.021509517,6.274326952,360,2,0,0
0.094817826,5.590370421,143,2,0,0
0.028668285,5.609691419,41,0,0,0
0.02242099,5.318095334,23,0,0,0
0.028959447,5.580450681,41,0,0,0
0.041797725,5.353215458,29,0,0,0
0.034012938,5.118750366,52,0,0,0
0.032386686,5.40248148,56,0,0,0
0.03847359,4.919618519,32,0,0,0
0.038322884,4.840365132,45,0,0,0
0.018966998,5.949996319,32,0,0,0
0.03401083,5.656936352,74,0,0,0
0.033990725,5.566000979,54,0,0,0
0.034948158,5.057769406,40,0,0,0
0.03749692,4.95530576,39,0,0,0
0.046289337,4.919610945,56,0,0,0
0.018626747,5.967697506,32,0,0,0
0.0310749,5.360186638,17,0,0,0
0.036174085,5.220468519,67,0,0,0
0.032258065,4.526048134,18,0,0,0
0.018975177,5.948964266,32,0,0,0
0.032294679,5.491837069,51,0,0,0
0.032778368,5.456037087,54,0,0,0
0.04358999,4.892419629,45,0,0,0
0.038899824,4.746374919,47,0,0,0
0.040663423,4.927297125,47,0,0,0
0.019045574,5.944837214,32,0,0,0
0.040762574,5.433787163,50,0,0,0
0.035742008,5.543338867,43,0,0,0
0.027639958,5.588434873,61,0,0,0
0.042160517,4.802471167,47,0,0,0
0.032753743,5.32301406,52,3,0,0
0.018728219,5.961719136,32,0,0,0
0.043767856,5.413051345,36,0,0,0
0.037557325,5.589057793,36,0,0,0
0.0323662,5.276265729,54,0,0,0
0.019085335,5.936745648,32,0,0,0
0.038774437,5.464588083,36,0,0,0
0.035456042,5.566624198,36,0,0,0
0.030442255,5.315652438,71,0,0,0
0.03251208,5.2932557,28,0,0,0
0.031690141,4.578589916,21,0,0,0
0.031690141,4.578589916,21,0,0,0
0.018843988,5.956592457,32,0,0,0
0.036775616,5.704094394,38,0,0,0
0.033441138,5.789013329,38,0,0,0
0.042854059,4.629291811,36,0,0,0
0.039706788,4.88486127,49,0,0,0
0.018843988,5.956592457,32,0,0,0
0.045497478,5.083981465,30,0,0,0
0.039813813,5.282096523,33,0,0,0
0.036025848,5.005525581,61,0,0,0
0.018728219,5.961719136,32,0,0,0
0.033725873,5.534975121,53,0,0,0
0.019230769,5.060975804,17,0,0,0
0.0310749,5.360186638,17,0,0,0
0.033749839,5.490583699,53,0,0,0
0.034542109,5.128387398,56,0,0,0
0.018768461,5.953576892,32,0,0,0
0.046068762,5.174160197,32,0,0,0
0.019230769,5.060975804,17,0,0,0
0.0310749,5.360186638,17,0,0,0
0.038898874,5.390683275,32,0,0,0
0.036828964,5.015688239,61,0,0,0
0.019068131,5.942555949,32,0,0,0
0.046471524,5.198163726,32,0,0,0
0.019230769,5.060975804,17,0,0,0
0.0310749,5.360186638,17,0,0,0
0.040373904,5.375053347,43,0,0,0
0.03497068,5.102409693,72,0,0,0
0.035429483,4.804695027,40,0,0,0
0.038613861,4.82160041,11,0,0,0
0.039532944,4.547090358,17,0,0,0
0.029637019,5.651555143,50,0,0,0
0.049732874,5.91931338,76,2,0,0
0.031669835,5.30505463,76,0,0,0
0.031094261,5.32312409,76,0,0,0
0.031013276,5.314186776,78,0,0,0
0.030760861,5.320185378,78,0,0,0
0.030612129,5.283842729,99,0,0,0
0.033093564,5.222563477,35,0,0,0
0.029810745,5.36035563,104,0,0,0
0.036157882,5.299718623,45,0,0,0
0.031379595,5.308933591,96,0,0,0
0.033342804,5.251925436,96,0,0,0
0.031807723,5.344849793,99,0,0,0
0.033070353,5.275596216,78,0,0,0
0.03168752,5.30708463,78,0,0,0
0.032924028,5.295904238,78,0,0,0
0.029831818,5.374343092,99,0,0,0
0.032619304,5.159639746,40,0,0,0
0.033376337,5.156641684,60,0,0,0
0.02980242,5.328542458,43,0,0,0
0.031108976,5.362266093,79,0,0,0
0.031189371,5.301284452,104,0,0,0
0.037418324,5.170758893,60,0,0,0
0.028481045,5.713537327,65,0,0,0
0.029611253,5.622210965,70,0,0,0
0.027347935,5.675918433,46,0,0,0
0.030171478,5.332944532,23,0,0,0
0.052796004,4.842440753,53,0,0,0
0.03910743,4.858333284,20,0,0,0
0.062593145,4.686684941,15,0,0,0
0.03099775,5.714423768,48,0,0,0
0.029524299,5.33604893,64,0,0,0
0.029906869,5.327725982,60,0,0,0
0.030782428,5.301929935,60,0,0,0
0.029914701,5.32802483,60,0,0,0
0.030732372,5.304254756,60,0,0,0
0.029224793,5.342522507,50,0,0,0
0.029953193,5.324889723,54,0,0,0
0.035938904,4.780279347,20,0,0,0
0.038173142,4.890251922,20,0,0,0
0.033273155,5.321969206,75,0,0,0
0.031376465,5.510505704,41,0,0,0
0.029117452,5.351475424,23,0,0,0
0.071111781,5.043209542,45,0,0,0
0.035679134,4.852047884,20,0,0,0
0.030458106,5.718098525,69,0,0,0
0.040062112,5.174720472,20,0,0,0
0.032263942,5.239633514,50,0,0,0
0.031017963,5.246148295,54,0,0,0
0.035938904,4.780279347,20,0,0,0
0.034399225,4.887090484,20,0,0,0
0.034743023,5.216711876,111,0,0,0
0.031335787,5.440684652,61,0,0,0
0.03164642,5.4417595,65,0,0,0
0.036668433,5.261230775,57,0,0,0
0.035418832,5.252739356,57,0,0,0
0.03363397,5.598772933,97,0,0,0
0.049597961,5.212970876,25,0,0,0
0.033310586,5.573411781,156,0,0,0
0.057593532,5.131937052,44,0,0,0
0.0320269,5.317209718,65,0,0,0
0.036395698,5.181851749,37,0,0,0
0.036441937,5.337370031,71,0,0,0
0.027654242,5.868024215,76,0,0,0
0.028191383,5.747056732,498,0,0,0
0.029654687,5.94454044,120,0,0,0
0.02991451,6.099061793,186,0,0,0
0.031239947,5.80622841,64,0,0,0
0.030995406,5.348334109,89,0,0,0
0.026289126,5.774258879,285,0,0,0
0.034838442,5.307939345,63,0,0,0
0.034063585,5.151568804,67,0,0,0
0.029369369,5.315697108,67,0,0,0
0.034033965,5.309971283,69,0,0,0
0.03328508,5.235780195,60,0,0,0
0.035068533,5.294590726,60,0,0,0
0.03241829,5.479007889,43,0,0,0
0.030541644,5.700291187,84,0,0,0
0.122094958,4.77447215,20,0,0,0
0.122094958,4.77447215,20,0,0,0
0.031077772,5.52862079,66,0,0,0
0.031988726,5.489907679,44,2,0,0
0.033535797,5.30151497,40,0,0,0
0.030031243,5.330690642,23,0,0,0
0.040571441,5.371568006,49,0,0,0
0.037834312,4.812637712,20,0,0,0
0.030317435,5.942494098,208,0,0,0
0.031616585,5.382400599,78,0,0,0
0.031536386,5.379227377,78,0,0,0
0.032380712,5.357832391,87,0,0,0
0.036614193,5.308988689,79,0,0,0
0.03191133,5.413828388,87,0,0,0
0.033211788,5.206741344,36,0,0,0
0.030527768,5.386163185,57,0,0,0
0.031735131,5.289359765,73,0,0,0
0.030604297,5.387797969,57,0,0,0
0.031243986,5.407514997,78,0,0,0
0.031161325,5.344107542,39,0,0,0
0.033254956,5.209341274,51,0,0,0
0.023594429,5.751351986,62,0,0,0
0.037003446,4.846516886,20,0,0,0
0.034333669,5.263994677,75,0,0,0
0.025368943,5.655555353,35,0,0,0
0.030616315,5.317288805,75,0,0,0
0.029787275,5.322801132,60,0,0,0
0.035295524,5.11853911,58,0,0,0
0.030183867,5.555933681,116,3,0,0
0.034139217,5.779503883,38,0,0,0
0.029794154,5.414393982,60,0,0,0
0.03413007,5.369633963,51,0,0,0
0.029964171,5.336770913,57,0,0,0
0.029579414,5.311742519,44,0,0,0
0.032902255,5.673685898,68,0,0,0
0.029569664,5.604217784,140,0,0,0
0.031957653,5.34564422,66,0,0,0
0.025129186,6.001641511,74,0,0,0
0.037660897,5.443625983,78,0,0,0
0.035548388,5.069617817,48,0,0,0
0.034908487,5.267996854,54,0,0,0
0.029631973,5.431969734,71,0,0,0
0.031351568,5.370160471,67,0,0,0
0.031831051,5.295944149,99,0,0,0
0.029771817,5.637699482,94,0,0,0
0.028419741,5.815429892,113,0,0,0
0.019211281,6.279488454,102,2,0,0
0.030018447,5.309909691,23,0,0,0
0.051140441,4.916078107,48,0,0,0
0.036135114,4.846583914,20,0,0,0
0.019818862,6.155577937,105,0,0,0
0.031362498,5.664553948,99,0,0,0
0.028195093,5.288319103,31,0,0,0
0.036735743,5.288291882,40,0,0,0
0.037287808,5.22329468,40,0,0,0
0.03033802,5.33216928,52,0,0,0
0.034369489,5.157698786,35,0,0,0
0.034224717,5.093358254,41,0,0,0
0.034936429,4.881165523,20,0,0,0
0.027923459,5.726784034,151,0,0,0
0.029675465,5.610568232,96,0,0,0
0.033013299,5.418368487,52,0,0,0
0.031452071,5.508325153,141,0,0,0
0.029937667,5.46864688,60,0,0,0
0.032058249,5.415676455,45,0,0,0
0.030739241,5.613078503,117,1,0,0
0.023025661,5.994756446,53,0,0,0
0.029481426,5.64753916,45,0,0,0
0.030838459,5.662101934,110,0,0,0
0.033146883,5.545854994,63,0,0,0
0.030171289,5.551283558,76,0,0,0
0.030673242,5.521045118,71,0,0,0
0.03146587,5.47516515,71,0,0,0
0.032770397,5.423545315,134,0,0,0
0.032662943,5.430349978,166,0,0,0
0.03586081,5.283375184,90,0,0,0
0.031957913,5.368328414,53,0,0,0
0.031130585,5.374294543,45,0,0,0
0.032105656,5.355633399,164,0,0,0
0.031215693,5.356050871,169,0,0,0
0.03163269,5.400876843,88,0,0,0
0.032538036,4.996798482,34,0,0,0
0.032705324,5.434028366,96,0,0,0
0.029436872,5.391431798,23,0,0,0
0.052860293,4.923443256,43,0,0,0
0.034940945,4.855497369,20,0,0,0
0.038677959,5.747792157,78,0,0,0
0.029131506,5.419124599,79,0,0,0
0.029381538,5.41116231,79,0,0,0
0.031629493,5.290497955,99,0,0,0
0.032074823,5.240847429,52,0,0,0
0.029896625,5.317566088,29,0,0,0
0.037210107,4.780279347,20,0,0,0
0.034108527,4.890392463,20,0,0,0
0.031405608,5.420969243,148,3,0,0
0.029863495,5.467427572,84,6,0,0
0.030461847,5.373261461,120,1,0,0
0.030728846,5.58507111,105,1,0,0
0.030675571,5.300187648,85,0,0,0
0.032427323,5.513998329,64,0,0,0
0.030808365,5.351745622,137,0,0,0
0.030122882,5.462936531,69,0,0,0
0.030583883,5.398840847,52,0,0,0
0.031107291,5.373297042,73,0,0,0
0.033262677,5.278167169,68,0,0,0
0.033639912,5.16987064,47,0,0,0
0.034143013,5.145560628,51,0,0,0
0.030402855,5.856989531,119,4,0,0
0.077975107,5.334126907,169,8,0,0
0.029507078,5.301979046,23,0,0,0
0.045579568,5.058590821,42,0,0,0
0.038461538,4.752861111,20,0,0,0
0.019777906,6.153428722,238,0,0,0
0.032378625,5.222137901,47,11,0,0
0.034130614,5.127637509,41,0,0,0
0.035076709,5.099316451,45,0,0,0
0.036940461,4.79068937,20,0,0,0
0.028331554,5.831191312,219,0,0,0
0.029204498,5.639941784,42,0,0,0
0.028857678,5.508511718,100,0,0,0
0.029485192,5.732634325,100,0,0,0
0.03946569,5.481385307,42,0,0,0
0.025704984,5.898236504,184,0,0,0
0.029609139,5.625378869,67,0,0,0
0.028982489,5.863271482,93,1,0,0
0.027331455,5.969467344,57,0,0,0
0.04567147,5.307074464,38,1,0,0
0.032530525,5.434791368,37,0,0,0
0.028605285,5.376744042,23,0,0,0
0.04066541,5.30598179,122,1,0,0
0.039037992,4.815013587,20,0,0,0
0.026460584,6.017438737,84,0,0,0
0.029823541,5.376429374,78,0,0,0
0.031207308,5.493655903,69,0,0,0
0.029433692,5.741551366,99,0,0,0
0.032762736,5.383262666,52,0,0,0
0.032599863,5.152692347,39,0,0,0
0.052928463,5.431281332,58,0,0,0
0.032610939,5.342605379,78,0,0,0
0.02934838,5.723536749,99,0,0,0
0.024483573,5.872222917,109,0,0,0
0.025777701,5.764821528,63,0,0,0
0.030325676,5.310069407,67,0,0,0
0.032729349,5.379288944,73,1,0,0
0.027588707,5.551309299,210,0,0,0
0.030681834,5.369002304,48,0,0,0
0.02747887,5.627029552,68,0,0,0
0.032805508,5.468759167,69,0,0,0
0.053038743,5.434727213,58,0,0,0
0.031316099,5.067819229,26,0,0,0
0.035938904,4.780279347,20,0,0,0
0.037925697,4.84848716,20,0,0,0
0.026532106,5.891818624,95,0,0,0
0.02825208,5.753831659,96,1,0,0
0.033696869,5.415493252,59,0,0,0
0.030776823,5.267101,23,0,0,0
0.055610101,4.824659268,52,0,0,0
0.037258716,4.899536356,20,0,0,0
0.03386779,5.774223557,139,0,0,0
0.030522163,5.328834863,50,0,0,0
0.033543372,5.223243373,127,0,0,0
0.030904119,5.32778925,132,0,0,0
0.031383993,5.293238631,68,0,0,0
0.033092463,5.342475834,127,0,0,0
0.030571221,5.315457016,62,0,0,0
0.030040555,5.389917902,67,0,0,0
0.0319936,5.288117765,58,0,0,0
0.033662634,5.215169443,67,0,0,0
0.034879069,5.095523847,42,0,0,0
0.035825191,4.930923341,20,0,0,0
0.029139061,5.677781779,114,1,0,0
0.033659958,5.270668336,66,0,0,0
0.03592597,5.355644802,43,0,0,0
0.031545114,5.344671841,159,0,0,0
0.029500959,5.736896974,123,0,0,0
0.029574556,5.358836659,23,0,0,0
0.055765584,4.78470799,48,0,0,0
0.034817913,4.859582577,20,0,0,0
0.021470953,6.051354747,54,0,0,0
0.045126199,5.071838093,33,0,0,0
0.044568129,5.067973173,34,0,0,0
0.035733011,5.302086666,69,0,0,0
0.037117519,5.239547479,105,0,0,0
0.037210107,4.780279347,20,0,0,0
0.033989267,4.894410701,20,0,0,0
0.029708536,5.524739925,132,0,0,0
0.063727021,5.668787029,35,0,0,0
0.024483392,5.70140826,50,0,0,0
0.024543542,5.473488742,31,0,0,0
0.034020634,5.097723262,42,0,0,0
0.031259792,5.31515009,50,1,0,0
0.037677115,4.750981319,28,0,0,0
0.026909718,5.76621453,156,1,0,0
0.031183131,5.437206315,157,2,0,0
0.034498862,5.226840919,41,0,0,0
0.032795772,5.298746724,29,0,0,0
0.03158888,5.323932233,27,0,0,0
0.033609827,5.320392655,59,0,0,0
0.036028503,5.149800288,43,0,0,0
0.032260037,5.246651738,35,0,0,0
0.034234031,5.226832906,58,0,0,0
0.041540927,5.086481831,43,0,0,0
0.032136469,5.365933782,222,0,0,0
0.077488997,5.013630051,35,0,0,0
0.059882047,4.709793533,22,0,0,0
0.033651982,5.290270949,42,0,0,0
0.031088345,5.422727851,64,0,0,0
0.027566807,5.516377101,147,0,0,0
0.032117891,5.403812944,49,0,0,0
0.030421534,5.547217688,38,0,0,0
0.033474754,5.478451711,49,1,0,0
0.032826401,5.364669131,54,4,0,0
0.028255739,5.520735531,33,0,0,0
0.03413597,5.376392777,34,0,0,0
0.030754359,5.444452003,55,0,0,0
0.03281178,5.489466816,38,0,0,0
0.032317394,5.375780444,61,0,0,0
0.028737391,5.543626727,66,0,0,0
0.028556563,5.563777206,44,0,0,0
0.031148321,5.513360199,62,0,0,0
0.031084779,5.446084992,157,2,0,0
0.034538435,5.229863447,41,0,0,0
0.03349518,5.285044447,29,0,0,0
0.031610452,5.336836479,27,0,0,0
0.033606448,5.32178124,59,0,0,0
0.036145082,5.148207388,43,0,0,0
0.03240831,5.245648382,35,0,0,0
0.03380991,5.265152134,62,0,0,0
0.041641746,5.088248985,43,0,0,0
0.031970421,5.370569187,222,0,0,0
0.042554212,5.552549947,45,0,0,0
0.060571941,4.696212626,20,0,0,0
0.033628211,5.29020582,42,0,0,0
0.031122901,5.422449723,64,0,0,0
0.027500359,5.519637797,147,0,0,0
0.032116124,5.404254454,49,0,0,0
0.030337772,5.558654612,38,0,0,0
0.033395867,5.482665256,49,1,0,0
0.032807248,5.368285248,54,4,0,0
0.028286673,5.522813852,33,0,0,0
0.034141374,5.380003614,34,0,0,0
0.030756629,5.447083138,55,0,0,0
0.032473382,5.509699456,38,0,0,0
0.032325636,5.376088788,61,0,0,0
0.028919938,5.571453541,69,0,0,0
0.028659105,5.563781546,44,0,0,0
0.030996762,5.503495466,62,0,0,0
0.047213779,4.658930729,14,0,0,0
0.048909815,4.58647817,13,0,0,0
0.018088776,6.168561934,220,0,0,0
0.022470984,6.10778549,69,0,0,0
0.037859008,5.165580556,31,0,0,0
0.023780263,5.983813822,75,0,0,0
0.02217883,6.093375996,72,0,0,0
0.026557569,5.90074692,63,0,0,0
0.030731141,5.552991466,78,0,0,0
0.032517652,5.579714069,51,0,0,0
0.034059036,5.572631134,67,1,0,0
0.035799306,5.074432605,38,0,0,0
0.029641406,5.887011523,104,0,0,0
0.02781622,5.702309279,42,0,0,0
0.030643154,5.77499577,211,0,0,0
0.035127038,5.29251659,29,0,0,0
0.045564542,5.029960999,41,1,0,0
0.03835323,5.282167155,60,0,0,0
0.025076347,6.038823437,87,0,0,0
0.027523715,5.962196219,87,0,0,0
0.027890569,5.778090265,46,0,0,0
0.035884185,5.606861279,45,0,0,0
0.030132536,5.748125543,66,3,0,0
0.030677317,5.762093223,65,3,0,0
0.057928941,5.33545913,60,0,0,0
0.027082001,5.8607949,72,1,0,0
0.025343001,6.097623678,166,2,0,0
0.035512432,5.415053098,70,0,0,0
0.032026038,5.070617116,33,0,0,0
0.032959025,5.041620972,33,0,0,0
0.032252367,5.06941389,33,0,0,0
0.0325356,5.064650184,33,0,0,0
0.031503942,5.241069471,33,0,0,0
0.033290271,5.067135219,33,0,0,0
0.033729566,5.037847806,33,0,0,0
0.033315981,5.047285796,33,0,0,0
0.03161055,5.091803429,31,0,0,0
0.032941476,5.284010356,53,0,0,0
0.031064791,5.460678825,99,0,0,0
0.031671191,5.327852984,42,0,0,0
0.032042157,5.398692064,64,0,0,0
0.03142048,5.38216944,42,0,0,0
0.028161336,5.534443818,54,0,0,0
0.031832116,5.589871368,80,0,0,0
0.028469814,5.75150389,156,0,0,0
0.032176399,5.262689354,60,0,0,0
0.030253683,5.456493402,57,2,0,0
0.029954023,5.67159958,110,0,0,0
0.0300696,5.664163474,156,0,0,0
0.03205778,5.769037822,151,0,0,0
0.033311443,5.319198715,61,0,0,0
0.031103546,5.287139728,52,0,0,0
0.035736694,5.125778636,47,0,0,0
0.033063354,5.333636406,71,0,0,0
0.032971722,5.345156296,71,0,0,0
0.034094885,5.168316766,74,0,0,0
0.029889129,5.310551198,62,0,0,0
0.031924168,5.222950282,68,0,0,0
0.037351863,5.148236044,38,0,0,0
0.027701824,5.660339058,58,0,0,0
0.0320418,5.369838018,88,0,0,0
0.028223578,5.496921757,109,0,0,0
0.033001641,5.332839526,62,0,0,0
0.030593026,5.32104161,52,0,0,0
0.036593676,5.216242731,40,0,0,0
0.03340672,5.279993364,94,0,0,0
0.031650991,5.287091025,66,0,0,0
