0.048868082567438874,4.934885354175593,22,0,0,0
0.03837853387439329,5.393944559905791,42,0,0,0
0.03875905425720924,5.105875520829813,22,0,0,0
0.04448330866551111,5.193509787423228,38,0,0,0
0.04719819010514404,5.235556890343724,49,0,0,0
0.043261777443760946,5.270661860866745,42,0,0,0
0.03886351514123935,5.279012689388407,31,0,0,0
0.044497408514415276,5.332238993580289,59,0,0,0
0.03934927166890433,5.354480724679941,106,0,0,0
0.04011720138154496,5.250591929041271,62,0,0,0
0.039702293675492384,5.376204327835618,43,0,0,0
0.04296149539225824,5.224447991797456,49,0,0,0
0.039742732007183056,5.391943239242401,38,0,0,0
0.04008795655099591,5.469643779493871,53,0,0,0
0.04019173607653352,5.297293687820456,86,0,0,0
0.03913647397364834,5.178765117294278,43,0,0,0
0.04091526806339978,5.185629218440732,41,0,0,0
0.040035554238731896,4.972370705068789,31,0,0,0
0.040803982048557653,5.18209349961125,62,0,0,0
0.04554860900639286,5.1461735969341245,31,0,0,0
0.04088157823988203,5.336668883842031,44,0,0,0
0.03549836409640788,5.479862412507561,61,0,0,0
0.0409622026190693,5.148179809027901,66,0,0,0
0.04121098477132529,5.280350429030485,79,0,0,0
0.03516422347365567,5.268101760888462,63,0,0,0
0.04041370854702326,5.215854926188758,59,0,0,0
0.03992062234277002,5.2166717353481875,42,0,0,0
0.040481437788322,5.297363037694947,66,0,0,0
0.04314835918516144,5.210525138883349,78,0,0,0
0.036141933447083885,5.191593352325756,60,0,0,0
0.03701554228827665,5.2477921391883315,55,0,0,0
0.042885966229240194,5.2257107905418,51,0,0,0
0.042267913291290975,5.325323658831942,63,0,0,0
0.042577420139623894,5.238348117354937,69,0,0,0
0.038282775643149886,5.3273547331791935,54,0,0,0
0.04307171222009713,5.195678354075614,50,0,0,0
0.03997858115605121,5.20919728604996,68,0,0,0
0.04629934354704997,5.149841257887489,51,0,0,0
0.050378432900703846,5.233529292594579,56,0,0,0
0.03556397964232893,5.414409622365363,57,0,0,0
0.03791937293572907,5.078566921458289,32,0,0,0
0.036888759010325345,5.337623485935018,47,0,0,0
0.0443526801336993,5.279972406050022,35,0,0,0
0.03777235772357723,5.1279656125614,43,0,0,0
0.036206452849991924,5.387008959999097,40,0,0,0
0.03616424084126665,5.432592438365092,40,0,0,0
0.03851296426438855,5.234662170833347,55,0,0,0
0.04623651728553137,5.260325455242602,39,0,0,0
0.040821519367415994,5.1639571681263075,66,0,0,0
0.0393351037423082,5.332788121876582,56,0,0,0
0.03821970941727227,5.179137491409017,56,0,0,0
0.042358934169278994,4.82516280987604,55,0,0,0
0.04003610923042203,4.913530410224595,19,0,0,0
0.046409416818454605,5.23077249867266,33,0,0,0
0.040654997176736304,4.936407927628887,19,0,0,0
0.04053371799495132,4.879160219337936,33,0,0,0
0.04065229152175593,4.888599280329059,30,0,0,0
0.04006075564837668,4.903649337267653,31,0,0,0
0.039632781012091355,4.906162432101634,32,0,0,0
0.04003400571914367,4.900262715836297,30,0,0,0
0.04149498659843771,5.292195949771866,60,0,0,0
0.04217366010532981,5.129049535146988,58,0,0,0
0.04330892827350326,5.392961250641268,70,0,0,0
0.03934971324757444,5.153098204507874,61,0,0,0
0.03820398392347373,5.253671430847107,74,0,0,0
0.04775387876078353,5.0136168347678005,28,0,0,0
0.03722447238742646,5.11750351688095,56,0,0,0
0.039963683277939005,5.249174615570261,90,0,0,0
0.04183298612210728,5.14152619975211,67,0,0,0
0.03998829300410152,5.10912068380186,58,0,0,0
0.039889482461706254,5.216173443352899,43,0,0,0
0.037833121910915736,5.261205931270758,75,0,0,0
0.04106588598567208,5.253527025723688,57,0,0,0
0.03815580795556377,5.223573233457149,90,0,0,0
0.04230327615595522,5.1249932357056025,40,0,0,0
0.04221906766728851,5.159821224143218,37,0,0,0
0.03491476689258575,5.401012971914809,43,0,0,0
0.043609711406321576,5.080397107455387,24,0,0,0
0.04730557782363853,5.110717195461135,54,0,0,0
0.03701757552906049,5.474672697802099,59,0,0,0
0.04110892811443944,5.17275980714852,64,0,0,0
0.04042136885172065,5.2039588402929065,65,0,0,0
0.03997154646336854,5.268706185217738,73,0,0,0
0.04271055386141405,5.197478038267878,47,0,0,0
0.037867451697236244,5.268878826628249,84,1,0,0
0.037814205079707626,5.198021175033969,66,0,0,0
0.03831229259213738,5.045481974966768,33,0,0,0
0.03694789220467903,5.37678778193911,57,0,0,0
0.0404520685558021,5.306108122726701,67,0,0,0
0.03840330456174375,5.2881910470653555,60,0,0,0
0.04030227223986413,5.24541517029658,55,0,0,0
0.03994887271635024,5.2792478203424995,57,0,0,0
0.038763933271890656,5.22931657468196,60,0,0,0
0.03842823417282156,5.038613225425218,45,0,0,0
0.03971056796678394,5.274599875591316,60,0,0,0
0.04523037229082894,5.179591764189641,50,0,0,0
0.03191472194033273,5.405502703027073,87,2,0,0
0.03368413468806822,5.298178432634285,87,3,0,0
0.03150711809844517,5.437580625644252,87,26,0,0
0.08080422081232481,5.29812551706306,169,1,0,0
0.0387064733757617,5.2157835084967505,113,0,0,0
0.0545589184824091,5.167878970709282,54,0,0,0
0.04761196619525858,5.008468961582726,41,0,0,0
0.038914445713607845,5.225991503996456,45,0,0,0
0.04124002775806265,5.101294406976076,48,0,0,0
0.04028424198245275,5.1602732545864045,77,13,0,0
0.04381335245466718,5.226548273920822,30,0,0,0
0.042337981229091305,5.125113198004713,56,0,0,0
0.043413973021292136,5.217862165177204,51,0,0,0
0.039696287858292725,5.2611084274973265,48,0,0,0
0.04270078050440835,5.260849873949458,61,0,0,0
0.047023359080358325,5.100560779326785,50,0,0,0
0.04601973331914946,5.120653346721848,60,0,0,0
0.04135271633704226,5.192382967076621,55,0,0,0
0.04499248914286332,5.149001820379011,64,0,0,0
0.04187846989809627,5.185227912357891,73,0,0,0
0.04181136909427736,5.266322282097192,84,0,0,0
0.04166188295940459,5.215514812487938,77,0,0,0
0.04186486421437657,5.175438288039724,70,0,0,0
0.04112419066223302,5.207370267358521,51,0,0,0
0.03998846117218692,5.185772652475759,72,0,0,0
0.04694042180809243,5.147044699815926,52,1,0,0
0.04540582693754157,5.170096707813855,60,0,0,0
0.04127113715069341,5.241934006894001,40,0,0,0
0.061502900785961725,4.412935695659862,21,0,0,0
0.038809326741770366,5.299182440205855,105,0,0,0
0.040874412646095745,5.268199654309462,54,0,0,0
0.03954542364814127,5.297466526072132,142,0,0,0
0.046194302718949976,5.2452966961302865,77,7,0,0
0.03910235137508275,5.3374539046990765,71,0,0,0
0.04652179475986839,5.144543178045079,41,0,0,0
0.04370272679838454,5.097287194079428,46,0,0,0
0.042105703513514926,5.12830433649115,42,0,0,0
0.038827111528736385,5.296846932193348,95,0,0,0
0.044398783828115414,5.065488759306927,39,0,0,0
0.036897010327420196,5.265519722194759,78,0,0,0
0.041850550600314416,5.213458625321583,83,0,0,0
0.03998092333298363,5.145000480827603,36,0,0,0
0.0449328738321149,5.316754815599483,41,0,0,0
0.03939904637944474,5.208190976267416,63,0,0,0
0.0397755306432861,5.262869334039185,79,0,0,0
0.04925153935977037,5.061294528117475,66,1,0,0
0.04368518800480644,5.189400487531819,57,0,0,0
0.04704408367347068,5.162983874881828,51,0,0,0
0.037640766128449965,5.3526351628978786,43,0,0,0
0.0452604349052759,5.174512333627239,50,0,0,0
0.05357011888690808,5.033446597190907,33,0,0,0
0.04767118112187432,5.244884979316601,75,0,0,0
0.03894289364758804,5.1965878207606435,49,0,0,0
0.04717468573618765,5.195783484389733,51,1,0,0
0.04354350895595659,5.246575649998804,45,0,0,0
0.03670578876389833,5.099974084182473,79,2,0,0
0.044286621016356865,5.166823901315385,66,0,0,0
0.03734167758879819,5.419068881560035,49,0,0,0
0.0448490724007919,5.226944294746053,44,0,0,0
0.03694671233087598,5.184004437714041,63,0,0,0
0.04036371325018102,5.361015297570346,64,0,0,0
0.0417759942377939,5.0750189086927175,20,0,0,0
0.04593998568335312,5.002150871987265,32,0,0,0
0.042640529446259526,5.053336911537955,22,0,0,0
0.04822692105547025,5.045535383449314,21,0,0,0
0.04216767696843221,5.057775822007937,23,0,0,0
0.04207562447857879,5.205436350687437,53,0,0,0
0.04091107986724308,5.071507088542344,51,0,0,0
0.0424549708151417,5.035701066958191,28,0,0,0
0.039363621453173694,5.272719138647569,29,0,0,0
0.04178604339448773,5.06907911336505,22,0,0,0
0.04283272283272283,5.047997317494111,22,0,0,0
0.04052770423370229,5.12139430301411,64,0,0,0
0.042036748254118926,5.067207492310486,22,0,0,0
0.0412818636171535,5.207847893977443,61,0,0,0
0.039451544552382325,5.239640680523878,61,0,0,0
0.04255812544496523,5.246514656906019,61,0,0,0
0.04332623825392379,5.222171561467732,61,0,0,0
0.04083233196107672,5.225865211419444,61,0,0,0
0.040853352034289456,5.246634198864653,61,0,0,0
0.04299730970090204,5.029183897159015,27,0,0,0
0.0399003184272463,5.264869830733633,28,0,0,0
0.04180115095296964,5.204147376075029,69,0,0,0
0.04222677036430618,5.04590951959701,26,0,0,0
0.0393423941743795,5.227842032198711,24,0,0,0
0.040191542536112554,5.344391330992281,63,0,0,0
0.04312730249693,5.032734806943332,24,0,0,0
0.04036734173764537,5.201161719652153,61,0,0,0
0.04165434771999541,5.20110565567563,61,0,0,0
0.04034505640345056,5.023457638297424,20,0,0,0
0.047440688522733705,4.938627395476234,29,0,0,0
0.041412031664990585,4.9959960120336495,22,0,0,0
0.041179461108286734,5.001378382424521,23,0,0,0
0.040559285357598625,5.017439393651923,20,0,0,0
0.04006539955037809,5.031766326254281,34,0,0,0
0.04045160402037726,5.02581550009012,22,0,0,0
0.04111465146179216,4.978549266910526,24,0,0,0
0.031746031746031744,3.9736606896881854,7,0,0,0
0.04951552008058598,5.040236386578635,41,0,0,0
0.031746031746031744,3.9736606896881854,7,0,0,0
0.040244734455443916,5.375305180256203,40,0,0,0
0.03996337376313587,5.212431850696765,83,0,0,0
0.03310689961167713,5.3594820303753234,40,0,0,0
0.04127617689087579,5.177790684241421,57,0,0,0
0.03076923076923077,3.9690016298759936,7,0,0,0
0.04258920517535369,4.905049942119068,43,0,0,0
0.05862007194342307,4.8562519615189474,76,0,0,0
0.04009115197234009,4.99724145106416,33,0,0,0
0.03539878361574496,5.320904657867759,184,0,0,0
0.039063553992151834,5.071829599317721,34,0,0,0
0.03327503712258703,5.177876865590481,67,0,0,0
0.04287063816181493,4.850491660293052,38,0,0,0
0.031746031746031744,3.9736606896881854,7,0,0,0
0.03771616345812579,5.102564089012528,24,0,0,0
0.045739402788269885,5.037665859997684,46,0,0,0
0.03818441810046589,5.142610791712162,38,0,0,0
0.042395362909176774,5.1003922161716355,28,0,0,0
0.03966064697960704,5.080987375002194,31,0,0,0
0.04034629230191624,5.16014904088156,47,0,0,0
0.03910724771613673,5.073676859892316,31,0,0,0
0.03728511270745603,5.1444177123345876,47,0,0,0
0.039453532207155396,5.090155061914968,31,0,0,0
0.04204840755292636,5.03648146962706,24,0,0,0
0.04517771431074588,5.135399883634233,80,0,0,0
0.036689483067264564,5.159241643527393,30,0,0,0
0.04723620649348545,4.948646812422313,33,0,0,0
0.04825435367725938,5.026314327739442,47,0,0,0
0.047623852285339524,4.954205073311295,21,0,0,0
0.045656031065283736,5.024182172103938,24,0,0,0
0.04309275908829157,5.014631076457977,28,0,0,0
0.044534333137898285,4.991429597625035,33,0,0,0
0.04872509637016388,5.089995484361976,30,0,0,0
0.04304587385911919,5.203528134714628,43,0,0,0
0.039522367117578595,5.174678988751429,41,0,0,0
0.04261092182221184,5.133144093126406,42,0,0,0
0.03693229144471004,5.123846012807798,24,0,0,0
0.04675688483207272,4.998144902175898,46,0,0,0
0.049726317648097464,4.896142313436732,46,0,0,0
0.043710014096725223,4.999006613178025,46,0,0,0
0.039101989276527103,5.16836230978323,32,0,0,0
0.03897263922099796,5.11282899981383,33,0,0,0
0.038766424843686496,5.117899323978037,33,0,0,0
0.03879346606286002,5.147420363266545,33,0,0,0
0.03884922356482712,5.114659197288504,33,0,0,0
0.03890014491349138,5.114185552432446,33,0,0,0
0.03883428235719451,5.115917342517376,33,0,0,0
0.04170785639958377,5.131143256053158,24,0,0,0
0.03765522520025865,5.108299476853205,32,0,0,0
0.03894822403971336,5.117869714323661,33,0,0,0
0.03886258309613046,5.116785682566567,33,0,0,0
0.03877482279347806,5.124410082265692,33,0,0,0
0.04872657160792754,4.833670991965381,38,0,0,0
0.0389414574421452,5.118735214413263,24,0,0,0
0.04615773680421517,5.12655231478773,51,0,0,0
0.035231694424325215,5.194351974106727,38,0,0,0
0.03974173499686315,5.034057657399136,36,0,0,0
0.047082354638811615,4.97415175912635,46,0,0,0
0.045572396862582416,4.979986056749899,35,0,0,0
0.04486404734071711,4.980926888266246,28,0,0,0
0.039580079819538434,5.071827565988024,22,0,0,0
0.037948981558825416,5.1025088827262985,21,0,0,0
0.0388997794658172,5.092272874685027,30,0,0,0
0.04669735923816385,4.935128342757732,26,0,0,0
0.04427462998800429,4.9925593130703225,46,0,0,0
0.04678028067238314,4.9600869525126745,46,0,0,0
0.04864984720845377,5.087006441252808,31,0,0,0
0.05265701718218714,5.121772323450969,37,0,0,0
0.046099839823765795,5.073389789534651,70,0,0,0
0.05281869450841349,5.049971838563156,45,0,0,0
0.04172981473449294,5.184988376458763,43,0,0,0
0.04430621517838188,5.119266646457183,58,0,0,0
0.039808856475523145,5.066535028613905,35,0,0,0
0.04286191134696213,5.015515082366105,35,0,0,0
0.037516134225458325,5.117424774051611,24,0,0,0
0.04413300377653276,5.069671300634202,46,0,0,0
0.03939442955911487,5.110941267067392,39,0,0,0
0.044267799954055914,5.023692279969033,46,0,0,0
0.03920854406291299,5.059157197344549,46,0,0,0
0.04046595570888149,5.128631830621359,26,0,0,0
0.03993476525604422,5.068142991892912,31,0,0,0
0.038234453493731446,5.093527517078511,31,0,0,0
0.03876495487054414,5.072853605011713,31,0,0,0
0.03951388569882759,5.0981408814238485,31,0,0,0
0.039355508067763015,5.094475720349596,31,0,0,0
0.03899838022720206,5.073625025845812,31,0,0,0
0.04208854520361892,5.115587841851429,24,0,0,0
0.04035476333374213,5.0874853030739375,31,0,0,0
0.039464706471010996,5.091536606375932,31,0,0,0
0.03935967714653955,5.093995612430476,31,0,0,0
0.03832156372170474,5.132002635127665,31,0,0,0
0.03922741930122004,5.110503192569166,24,0,0,0
0.04743893486095636,5.115420451583336,45,0,0,0
0.0352583398257667,5.224656997304792,30,0,0,0
0.04283680681423306,5.007122407428867,46,0,0,0
0.04657266433669439,5.022715664626577,46,0,0,0
0.040334265201682935,5.049993269829947,26,0,0,0
0.039924736713864144,5.052897645005455,28,0,0,0
0.04259779049264097,5.027277560217917,25,0,0,0
0.04372472559214327,4.98613687972818,25,0,0,0
0.03917640511964385,5.01262577694489,26,0,0,0
0.040219926447471355,5.054550994987565,46,0,0,0
0.041611127209504495,5.086917125206851,46,0,0,0
0.04916156457189988,5.067214771944444,31,0,0,0
0.0419738208763193,5.204797141196061,50,0,0,0
0.041478138342203576,5.18215289494553,63,0,0,0
0.10275661063479481,5.238561123136634,51,0,0,0
0.05250174568582972,5.127532789975117,63,0,0,0
0.0716775439104292,5.2019508816471705,29,0,0,0
0.04688997138248056,5.2794201168551655,42,0,0,0
0.05114834117803835,5.110514225328374,55,0,0,0
0.04096215350611229,5.230173606801827,71,0,0,0
0.04619181791991843,5.118818292749535,41,0,0,0
0.05402763448679651,5.142063245499825,50,0,0,0
0.052307711159391826,5.04502037199176,61,0,0,0
0.037266965014247554,5.371835499874262,103,1,0,0
0.04830589734661838,5.2924689195575745,79,2,0,0
0.12332616016081414,5.374842502527896,114,1,0,0
0.19133255473979588,5.595260907492898,54,1,0,0
0.0633338847004981,5.362920452793319,53,0,0,0
0.03989096690119154,5.339986073811532,67,0,0,0
0.12143373106986087,5.371589851068315,96,9,0,0
0.14483565528865674,5.389945477583593,57,0,0,0
0.03307307040250372,5.519874569058319,307,0,0,0
0.13413791963293636,5.3120283642539405,70,2,0,0
0.04249019123070657,5.141182781286897,141,2,0,0
0.04388607186888103,5.148396719034185,42,0,0,0
0.04477128455588595,5.22322721193548,51,0,0,0
0.04080569037129847,5.230066916637257,67,0,0,0
0.04517852356878133,5.15157526364252,60,0,0,0
0.04841490360470935,5.082520847663143,36,0,0,0
0.04650866556895143,5.112903319071946,48,0,0,0
0.04838379763956761,5.120784075905535,58,0,0,0
0.04471380045654338,5.1035130783881,76,1,0,0
0.04418259725909763,5.249027645704738,105,0,0,0
0.04677781168731811,5.179963343848327,44,0,0,0
0.05214764307375078,4.968663209237428,33,0,0,0
0.042514439307650906,5.209352633238453,35,0,0,0
0.04555109461404439,5.165989238851576,35,0,0,0
0.04372112211247126,5.1765022970668895,45,0,0,0
0.048671167457388385,5.0978487114595366,49,0,0,0
0.05014887150769041,5.011541851460232,39,0,0,0
0.05189939747495325,4.974553586277546,37,0,0,0
0.04422193370260673,5.154224470119141,89,0,0,0
0.042427052505416,5.2582880880488165,43,0,0,0
0.05035196822739216,5.03527252510198,43,0,0,0
0.04336292900602638,5.166011472122576,37,0,0,0
0.041836306503792296,5.158685642699031,34,0,0,0
0.054054293214488805,5.192426761060702,166,2,0,0
0.04712464572140921,5.2062904176193925,66,0,0,0
0.04363232328628464,5.487659214593338,33,0,0,0
0.04779315837475924,5.225616995924453,71,0,0,0
0.05925648941944099,5.281741208041245,55,0,0,0
0.03489169855632834,5.5579847103852495,32,0,0,0
0.07325810440975221,4.77279369870465,46,0,0,0
0.03838330840567387,5.22137505659752,74,0,0,0
0.044357622619418655,5.204717092534146,67,0,0,0
0.03779270511375761,5.217308146320576,50,0,0,0
0.0354866135985958,5.219331832796629,50,0,0,0
0.032515760101966995,5.30393263898914,56,0,0,0
0.034334682476728974,5.242966340334088,48,0,0,0
0.03614647874404118,5.2623432777222385,56,0,0,0
0.036845592399841844,5.301182523902437,56,0,0,0
0.050679068060840014,5.136691631019839,86,0,0,0
0.04221861538792801,5.4720578463999185,244,0,0,0
0.04858858597449623,5.325151175941149,522,1,0,0
0.0548243963436319,5.174230516351741,44,0,0,0
0.060540167900470974,5.108670533185561,48,0,0,0
0.049762440166909505,5.227273964371138,69,0,0,0
0.05065236439098511,5.164610724575609,46,0,0,0
0.04527145053733198,5.189234785919177,58,0,0,0
0.05515793158196214,5.044901461637708,43,0,0,0
0.05266804874755003,5.167032260272582,54,0,0,0
0.04016413156972246,5.531195546514401,41,0,0,0
0.04366381433582761,5.142665735627004,39,0,0,0
0.04165023733406491,5.1096066768516755,49,0,0,0
0.05136439131722031,5.198187115929898,68,0,0,0
0.051270405544561214,5.2110006072450625,71,0,0,0
0.04310511573424047,5.209955252550477,46,0,0,0
0.03588037028436786,5.494289809157838,40,0,0,0
0.04402158132842006,4.877852694070046,47,0,0,0
0.04141125777403424,5.324381918830634,43,0,0,0
0.04102950878162901,5.4492463004757274,34,0,0,0
0.04730152299568439,5.1716431620558305,50,0,0,0
0.050541682363024525,5.3113098786163135,68,0,0,0
0.04291995814271821,5.288139560632516,57,0,0,0
0.050104342688346286,5.123019339554452,40,0,0,0
0.04664106482895086,5.0439094341150605,44,0,0,0
0.05289063633801251,5.040037353119717,37,0,0,0
0.047039671597095156,5.096513602591264,55,0,0,0
0.04712801101941645,5.339410268002755,68,0,0,0
0.05678367395081279,5.042455857908708,78,0,0,0
0.05102816480061989,5.040107661118929,35,0,0,0
0.05300407517990119,5.193273210371211,52,0,0,0
0.05475271302465844,5.061856009597986,33,0,0,0
0.05623159649411168,5.160222708808654,84,0,0,0
0.04716678182012613,5.258073457301146,62,0,0,0
0.04831168831168831,4.885402656357138,18,0,0,0
0.04831168831168831,4.885402656357138,18,0,0,0
0.049958667216877965,5.071725810704346,41,0,0,0
0.04638174230401392,5.162483123245111,61,0,0,0
0.03951367781155015,5.078842959803368,18,0,0,0
0.04014026508897565,5.283946759977152,86,0,0,0
0.0369883408075692,5.289999870354461,70,0,0,0
0.05405386469930071,4.892809690090075,30,0,0,0
0.05698523692830235,5.138090394290547,131,0,0,0
0.05074967507414465,5.1864459382094505,57,0,0,0
0.06914700828368417,5.0228579895272665,32,0,0,0
0.0546913626874224,4.958334593650195,39,0,0,0
0.04717347014057046,5.109050211246469,55,0,0,0
0.04288236631169932,5.2125789739148605,53,0,0,0
0.055716799936145145,5.204856222654594,63,0,0,0
0.03433384185590604,5.527377729180981,41,0,0,0
0.0458511745115569,5.0343277476168735,23,0,0,0
0.05149589080121166,5.053701065132577,61,0,0,0
0.04528162922267567,5.324599914165621,83,0,0,0
0.045234317871411245,5.134582441955719,50,0,0,0
0.03659735677936753,5.421009327486421,84,4,0,0
0.041213157276798904,5.330760698641018,182,4,0,0
0.046588010922120664,5.389477397588485,126,0,0,0
0.04882485298416796,5.451613914327981,76,0,0,0
0.04675000113754786,5.4847000260242735,108,0,0,0
0.038950671995307766,5.367785782719721,132,0,0,0
0.03740884546767447,5.471620426678537,132,0,0,0
0.036444662687625806,5.429040892571913,80,0,0,0
0.047845379057835126,5.428343936469263,75,0,0,0
0.05044194903767834,5.58223967670047,74,0,0,0
0.03622951034345035,5.4435091210186615,364,0,0,0
0.03818425972619676,5.196998477989334,124,2,0,0
0.03934561525306034,5.181689594963299,120,1,0,0
0.04342858756284805,5.5217397626915306,80,0,0,0
0.03923072424129283,5.3310465678104935,118,1,0,0
0.038635206627309335,5.390371049894404,72,0,0,0
0.039548552502770035,5.142555944309158,41,0,0,0
0.03528399447404776,5.431619663730195,40,0,0,0
0.047168467974590525,4.966792531701565,38,0,0,0
0.04105794332145241,5.076369836517999,148,0,0,0
0.04231472173621196,5.111827771450139,72,0,0,0
0.04177091391909261,5.122302611541658,41,0,0,0
0.04415888715228078,5.010651282711295,78,0,0,0
0.040630839657917375,5.488358667913944,50,0,0,0
0.04087924332784863,5.466210735749069,50,0,0,0
0.04160046499757322,5.4424976982828515,50,0,0,0
0.040920380645359467,5.462939655410953,50,0,0,0
0.04099257040433511,5.491293991554201,50,0,0,0
0.04400068772955113,5.450480418033726,50,0,0,0
0.04157253368703638,5.451866845200187,50,0,0,0
0.04200728960953173,5.245837608597486,78,0,0,0
0.044040075452091314,5.444130497622924,50,0,0,0
0.04104514226545739,5.3828996285459825,57,2,0,0
0.040665919592448745,5.397685265008683,50,0,0,0
0.04436935508800832,5.23118634279012,130,0,0,0
0.04109660104849129,5.240933121587028,101,0,0,0
0.032995712631174366,5.4878202773328955,50,0,0,0
0.03648383665695342,5.454540213477073,354,0,0,0
0.033705371940696845,5.469953259817849,67,0,0,0
0.041282216034839725,5.484813417319917,50,0,0,0
0.0381128175290203,5.401971614525239,50,0,0,0
0.0408861057619041,5.454309569909628,50,0,0,0
0.03714201560052151,5.3769031987438805,103,1,0,0
0.028529816545851877,5.500769048271717,86,0,0,0
0.04476661004434539,5.422700371481755,50,0,0,0
0.030324200023734513,5.591848953366724,118,0,0,0
0.04049571960477841,5.4171424168828475,51,1,0,0
0.038749444649218874,5.512129925905941,53,0,0,0
0.03506948782819002,5.521590897713027,105,2,0,0
0.03467158224162447,5.5489478688584315,53,0,0,0
0.044424801463148034,5.259044219665405,50,0,0,0
0.04023787706815613,5.334057959170552,50,0,0,0
0.040022408787869286,5.597451473620577,50,0,0,0
0.03927328948303737,5.594271379536021,50,0,0,0
0.040056005109249025,5.318704673968465,50,0,0,0
0.11279437991217281,5.130453414387791,48,2,0,0
0.1633341442747425,5.1669194698798995,48,0,0,0
0.15043154411722504,5.323357552041001,72,13,0,0
0.1351737201356248,5.1908089682246406,48,5,0,0
0.17949280857914554,5.309752784020694,48,0,0,0
0.09424055027868306,5.1058737340848905,48,0,0,0
0.10669958789697523,5.189976209605526,48,0,0,0
0.037518889234806514,5.280884187215217,57,0,0,0
0.03661166450163469,5.305865805561168,38,0,0,0
0.03816081442730537,5.346449135462746,46,0,0,0
0.03527012135891919,5.272220613282126,36,0,0,0
0.036925127516215024,5.3205050522268,44,0,0,0
0.03571706851286239,5.4936853005347785,422,83,0,1
0.030880382051440176,5.715670272619419,422,87,0,1
0.056767002161115014,5.575824563524145,62,22,0,1
0.025629551915134725,6.157110920184598,116,22,0,1
0.03093375424086521,5.558071286002066,80,17,0,1
0.051635594666286956,5.656188690496796,535,71,0,1
0.015579524420121902,6.006647416597435,44223,2,0,1
0.02259785123894505,6.175226570975174,490,32,0,1
0.11986900670174691,5.437284289110887,26,4,0,1
0.015564326419438284,6.012528575819336,93119,2,0,1
0.029795422189864938,5.573159001414573,193,25,0,1
0.01472061738982616,6.219787539412772,79,3,0,1
0.023953328199827064,5.856249657939799,106,24,0,1
0.12439623299686613,5.462841618417904,92,17,0,1
0.022407473842880582,5.9137632512319,5034,66,0,1
0.056033845806359395,5.560183004032665,11589,148,0,1
0.01549267012138378,6.026064434467414,52559,2,0,1
0.035477286572191624,5.582661475957961,416,2,0,1
0.015593012381369863,6.010646939373121,99213,1,0,1
0.032522009986905645,5.44921327157293,416,7,0,1
0.027173393737046414,5.6820154710462605,416,2,0,1
0.030522578207582664,5.53853413996797,173,21,0,1
0.04822629368835034,5.640847629869257,1328,82,0,1
0.021370107676475895,5.945356786420996,3924,19,0,1
0.028978942916815194,5.653009352719524,193,31,0,1
0.03325978234914669,5.81581041003263,96,2,0,1
0.02626503923019178,5.73098653560503,5847,56,0,1
0.015542947559438138,6.019140620428768,42809,3,0,1
0.03056664126324246,5.922322560623299,15439,41,0,1
0.028885377448920942,6.043068935534898,77,34,0,1
0.028637798238879915,5.634386087321467,98,41,0,1
0.02053577554991751,6.0712430319770085,39941,55,0,1
0.02875413866034748,5.761437116125982,39,14,0,1
0.015381317468092244,6.059812886552673,34231,2,0,1
0.015599067510886943,6.007194196528238,23271,2,0,1
0.02785188302920088,5.690599206411734,153,16,0,1
0.028316288720912998,5.374346463456741,51,3,0,1
0.015607692439882028,6.006697049222289,23715,2,0,1
0.059426709881300055,5.49298834754038,62,9,0,1
0.03137024426627483,5.413304818232726,78,4,0,1
0.04646127859494642,5.243976912941157,100,5,0,1
0.02053577554991751,6.0712430319770085,39941,55,0,1
0.015581706523849142,6.006992518927321,25127,2,0,1
0.026749996800395318,5.728792128028867,812,29,0,1
0.06615525172549021,6.008452795117291,3147,53,0,1
0.025328143147119828,5.772806231223365,5847,55,0,1
0.029799981277498673,5.386303789605866,40,0,0,1
0.02405987502669076,5.835825345201423,5847,37,0,1
0.03068538593685208,5.370457928488177,62,0,0,1
0.018560353375153077,6.0907885923608,40319,48,0,1
0.03214081119991148,5.48120166925964,118,1,0,1
0.08545659729347857,5.487497477339147,127,32,0,1
0.015554967632704158,6.020431421742891,36321,3,0,1
0.026954075518450957,5.674214213127612,1128,23,0,1
0.015112237980568283,6.07865811798729,14099,2,0,1
0.03710504143707859,5.727994312655042,611,69,0,1
0.015325449660865556,6.038868042195291,120,2,0,1
0.030290161086281547,5.495768505823392,135,32,0,1
0.015440348664819052,6.0305817132463515,107903,5,0,1
0.025638314120119597,5.766985414257768,5847,47,0,1
0.015527536168527992,6.021883174323261,24560,0,0,1
0.047033827157304677,5.18657713348827,23,0,0,1
0.0377495063194836,5.8579324712610275,152,5,0,1
0.024717569943773186,5.950453119801496,1378,32,0,1
0.030340508290987195,5.820770058074523,93,27,0,1
0.08225090515882442,5.682526183495143,1128,25,0,1
0.02237212964772606,5.917061763392742,5034,66,0,1
0.015154753717596538,6.065204688646017,64979,3,0,1
0.015586340891675198,6.015622838850036,57185,3,0,1
0.021830726791719123,5.93234840074155,35873,26,0,1
0.03683257565636983,5.457857702322923,118,1,0,1
0.03808649489527755,5.4773173902507075,72,6,0,1
0.015528614356316788,6.09841445139281,62832,8,0,1
0.05786029336833613,5.454889777373348,91,4,0,1
0.015620377752815932,6.00210565423761,65613,2,0,1
0.03710679868750119,5.728115854987479,611,69,0,1
0.043182789006053504,5.284703509504452,453,4,0,1
0.02664329527219101,5.916172332441589,455,33,0,1
0.02701008180615374,5.588309251930335,416,4,0,1
0.0401984126984127,4.852595476491933,106,0,0,1
0.03839091209279088,5.221679030762216,58,9,0,1
0.04260263090798682,5.464972218140041,89,11,0,1
0.015571720810468323,6.018690495448471,47137,3,0,1
0.03345296503754818,5.391278305026238,416,38,0,1
0.03792030391829378,5.855049565413281,106,24,0,1
0.028619261415162196,5.857915846159775,422,62,0,1
0.0293519001660268,5.688954148712145,127,25,0,1
0.08285291671314232,5.537785205642995,784,27,0,1
0.04778416514378553,5.611432728352259,43,12,0,1
0.05541162178578971,5.488192359556414,91,65,0,1
0.11970736705058775,5.533377917411003,96,12,0,1
0.02652688986172305,5.750167510048233,727,33,0,1
0.015431350923321777,6.027744951993638,114,4,0,1
0.02063735549383096,5.754663920633985,84009,3,0,1
0.01561393314016174,6.003290309698806,58875,2,0,1
0.024646024645244045,5.817082686010569,5847,56,0,1
0.03594245556452641,5.629103047968276,110,25,0,1
0.032097207012273116,5.477911905906806,118,1,0,1
0.03925636706987189,5.571982561985423,64,2,0,1
0.02684921652122252,5.602332193725715,333,87,0,1
0.028537700735703227,5.682673610771782,143,25,0,1
0.08120331584179896,5.58693265660678,69,0,0,1
0.018090953515267003,6.14891648370051,160,67,0,1
0.015580193711381484,6.006404517943366,44223,2,0,1
0.036855878364571916,5.4873525211673515,60,0,0,1
0.028273958675163885,5.686616465737066,91,15,0,1
0.034718519166047464,5.393136238868465,100,30,0,1
0.03271851679430598,5.712565101662762,178,50,0,1
0.028246579340627805,5.654167847410715,108,10,0,1
0.06668756168665538,5.699125984832153,1715,52,0,1
0.028996865203761754,5.478706195742718,21,1,0,1
0.024976188082589695,5.847016046053803,5794,141,0,1
0.051509333086506695,5.6342532886163,1328,49,0,1
0.015573427256761595,6.017037031912209,53501,3,0,1
0.05723613925715314,5.531028507187128,84,14,0,1
0.033388645942888734,5.735109297906898,422,104,0,1
0.026848584335458472,5.6628211937957955,1128,24,0,1
0.02668056015474619,5.60270188709946,194,62,0,1
0.0241973324867822,5.826902382204017,1315,5,0,1
0.023266433218067484,6.089368263878569,30070,108,0,1
0.033950134297279805,5.481640919081943,641,85,0,1
0.015387749569328977,6.032874668710887,50,3,0,1
0.03684848425168512,5.519005766029976,167,8,0,1
0.037455672130640306,5.7148732871370935,422,66,0,1
0.022458877560425076,6.050310907032658,100,0,0,1
0.02999019215647262,5.7392616197307005,422,104,0,1
0.05975362871359121,5.740562235871011,230,1,0,1
0.04479250740715929,5.683458024267863,84,5,0,1
0.07022476743773652,5.709034550195983,104,3,0,1
0.027122151234150203,5.962819461864791,114,24,0,1
0.08416135594058408,5.636472164204756,784,20,0,1
0.019255473575815633,5.88534862614604,96,2,0,1
0.018829444287406287,6.074500872290111,105,53,0,1
0.01534425637156529,6.0425942125729435,25673,14,0,1
0.04780240917191585,5.2984439903895835,66,5,0,1
0.030908302469895073,5.468849045849276,197,34,0,1
0.022381309801216914,5.918408550761538,5034,66,0,1
0.02013702794616124,6.139443997519988,116026,110,0,1
0.01562368631589433,6.000879176155046,146406,2,0,1
0.015496130865512384,6.01924125848673,40,2,0,1
0.026912636907467785,5.925023267423973,126,18,0,1
0.015312180543112385,6.053334575300956,55438,2,0,1
0.037071539712365945,5.4738834178700655,416,11,0,1
0.031052852916541345,5.638667526349518,784,23,0,1
0.06724546752095491,5.490928218786988,84,3,0,1
0.023821961751119843,5.994778129884487,1046,12,0,1
0.03182695780290604,5.605834088412673,110,25,0,1
0.029687676515645266,5.5401103957257005,144,25,0,1
0.028499534181885867,5.600900157407307,1323,45,0,1
0.02602055779754124,5.737737782606789,5847,57,0,1
0.08152646029070393,5.515982852300082,416,10,0,1
0.015738385415100385,6.0024707232054,63724,2,0,1
0.031419642226095855,5.618867844976269,784,22,0,1
0.07750551122726844,5.727010808492732,62,11,0,1
0.027480247579548818,5.897933128618037,125,19,0,1
0.031918865289924304,5.597560399198571,42,3,0,1
0.015535430426765046,6.014873801350638,7236,2,0,1
0.03411775988526275,5.513434901640714,174,7,0,1
0.10603716378872854,5.482132020776989,47,1,0,1
0.03640498032615117,5.095150118752539,63,8,0,1
0.027754715882854587,5.902156826845517,58,12,0,1
0.03525762427631505,5.377073025137233,91,0,0,1
0.04820005815644082,5.418133692130867,43,4,0,1
0.055653624138962896,4.39872563419465,113105,19,0,1
0.09911383539579167,5.467366702221141,91,51,0,1
0.02162113430601,5.863480617440252,124,3,0,1
0.028430408670691198,6.1549493193405675,103,9,0,1
0.02731112159685839,5.858313847323637,8867,33,0,1
0.042736937808954836,5.5013196640527715,89,11,0,1
0.034327684614539895,5.536605998293584,85,1,0,1
0.03842814271635141,5.439016912922058,50,8,0,1
0.04591166481033009,5.397233514234818,61,0,0,1
0.027654419056402466,5.704868219083391,127,24,0,1
0.028898135664923098,5.6260272981885935,177,0,0,1
0.0347478164954686,5.248944961478408,30,2,0,1
0.02634568412875868,5.984286118273321,126,22,0,1
0.023513876756253712,6.326290181574422,254,22,0,1
0.04473446603080502,5.906752515163025,152,34,0,1
0.0291459678231634,5.673017733094078,74,0,0,1
0.07384066583669141,5.528991975270432,281,11,0,1
0.027331465028664972,5.608289664570904,108,1,0,1
0.02573906870210021,5.624355552745595,156,13,0,1
0.03286974292131721,5.43851947376933,93,7,0,1
0.02968987398337653,5.222500655391572,42,3,0,1
0.01550193952601578,6.0252560747068316,53083,2,0,1
0.03473719456148211,5.171564443102177,222,6,0,1
0.034107506530284465,5.537171968245146,422,97,0,1
0.034121917025683464,5.24497489870944,70,16,0,1
0.0323594044907228,5.370628528921522,84,11,0,1
0.041359971959341046,5.330604964192754,61,1,0,1
0.026804915514592933,5.360347593809356,29,0,0,1
0.055742428573346964,5.453030760378427,39,4,0,1
0.03633891476541438,5.457592689119039,174,8,0,1
0.07532227863914988,5.423325845838594,61,60,0,1
0.03781675294052861,5.225195283293927,64,3,0,1
0.03474405642228408,5.404414296253825,60,3,0,1
0.03372779631468122,5.630790675153594,784,22,0,1
0.03617034693300678,5.777276929352747,84,1,0,1
0.025821729658046792,5.464457937621831,86,0,0,1
0.015505170206884673,6.018655812866607,40,2,0,1
0.04723640399556049,4.856637544803363,26,2,0,1
0.012096774193548387,4.573557262275186,25,1,0,1
0.06009381325425331,4.7999458374745645,23,6,0,1
0.012578616352201259,5.095660548821181,47,1,0,1
0.03369905956112853,4.7310492019133354,37,0,0,1
0.04500659092335698,4.673956543248142,26,2,0,1
0.01560545699419954,6.0052677836843005,111571,2,0,1
0.8345761590786854,5.015484423964996,39,0,0,1
0.03308124786284006,5.430587816981559,77,0,0,1
0.03964043619216033,4.8407090042824255,34,0,0,1
0.017844886753603295,5.272924455774821,84,1,0,1
0.015487774561252173,6.018961381555208,9842,2,0,1
0.09819831610173188,4.495441372894843,97,0,0,1
0.016129032258064516,4.47823219741386,26,1,0,1
0.02318840579710145,4.928196191091689,26,1,0,1
0.03591262495372084,4.55489605857472,17,1,0,1
0.17511199601791935,3.369357246305411,116,0,0,1
0.027636492402781355,5.419995577163164,109,0,0,1
0.2399395941006685,4.06551552006163,83,44,0,1
0.021160370306480363,5.359832210952546,41,1,0,1
0.024575977847005884,5.1662769168311975,80,0,0,1
0.023229716081247895,5.234202548375547,52,1,0,1
0.015592896592214587,6.004458892576813,25054,1,0,1
0.01942645698427382,4.778677988524612,41,1,0,1
0.023659003831417624,5.32208338609393,48,1,0,1
0.05418811068844633,5.320069125017754,57,1,0,1
0.07786614111300792,5.17718089004899,47,0,0,1
0.018462231228188675,5.643859717131,182,2,0,1
0.043192615488420155,5.487670593997386,91,3,0,1
0.020634920634920634,4.516875695766562,26,1,0,1
0.028928962889503626,5.245318554550552,55,2,0,1
0.01502180791221408,6.083520660747862,137,0,0,1
0.02664576802507837,4.87379414298394,20,0,0,1
0.03431708991077557,4.871596847028105,30,0,0,1
0.11109865331472199,5.34553944760667,51,13,0,1
0.026595744680851064,4.691721466785482,28,0,0,1
0.010080645161290322,4.6875,23,0,0,1
0.04723575393678486,5.162886089705165,118,0,0,1
0.018245614035087718,5.21821962393329,41,1,0,1
0.015394006241895762,6.04810569998084,238,0,0,1
0.16082749083836145,5.63772074911203,66,15,0,1
0.05418811068844633,5.320069125017754,57,1,0,1
0.03649570378244309,4.920129208400934,19,0,0,1
0.2009853727574548,5.9683544762055165,98,0,0,1
0.019818159919008572,6.073945117395415,76,10,0,1
